{"type": "FeatureCollection", "name": "camp layout, WGS84", "features": [{"type": "Feature", "geometry": {"type": "Polygon", "coordinates": [[[31.6, 30.100000000000005], [31.60035273589514, 30.099999999526528], [31.60041498359447, 30.10004510366332], [31.600414984159737, 30.100180416617434], [31.600352736727967, 30.10023454198015], [31.600145244535046, 30.10023454237335], [31.600145244482288, 30.100198458919497], [31.60005187302939, 30.100198458989535], [31.6, 30.100153354682167], [31.6, 30.100000000000005]]]}, "properties": {"layer": "boundary", "name": "Irregular camp, four doors"}}, {"type": "Feature", "geometry": {"type": "Polygon", "coordinates": [[[31.60005706023906, 30.10003608344257], [31.600088184005816, 30.100036083425366], [31.60008818397378, 30.09999999997041], [31.60005706021833, 30.099999999987613], [31.60005706023906, 30.10003608344257]]]}, "properties": {"layer": "door_zone", "door": "D1-south", "depth_m": 4.0, "grown_m": 2.0, "area_m2": 12.0, "beds_served": 48}}, {"type": "Feature", "geometry": {"type": "Polygon", "coordinates": [[[31.600414983801734, 30.100094718413487], [31.60037348542156, 30.100094718538006], [31.600373485523313, 30.10012178112884], [31.600414983914778, 30.10012178100433], [31.600414983801734, 30.100094718413487]]]}, "properties": {"layer": "door_zone", "door": "D2-east", "depth_m": 4.0, "grown_m": 2.0, "area_m2": 12.0, "beds_served": 48}}, {"type": "Feature", "geometry": {"type": "Polygon", "coordinates": [[[31.600254177867082, 30.100207479617406], [31.60022305404663, 30.10020747967393], [31.60022305410739, 30.100234542264307], [31.60025417793633, 30.100234542207776], [31.600254177867082, 30.100207479617406]]]}, "properties": {"layer": "door_zone", "door": "D3-north", "depth_m": 3.0, "grown_m": 1.0, "area_m2": 9.0, "beds_served": 35}}, {"type": "Feature", "geometry": {"type": "Polygon", "coordinates": [[[31.600041498378292, 30.100090208630448], [31.60004149836887, 30.10006765647132], [31.6, 30.100067656477876], [31.6, 30.100090208637013], [31.600041498378292, 30.100090208630448]]]}, "properties": {"layer": "door_zone", "door": "D4-west", "depth_m": 4.0, "grown_m": 2.0, "area_m2": 10.0, "beds_served": 38}}, {"type": "Feature", "geometry": {"type": "MultiPolygon", "coordinates": [[[[31.600041498351906, 30.10002706258468], [31.600036311057927, 30.100027062586225], [31.600031123763934, 30.100027062587557], [31.600025936469947, 30.100027062588676], [31.600020749175957, 30.100027062589596], [31.600015561881964, 30.100027062590318], [31.600010374587978, 30.100027062590826], [31.60001037458845, 30.100031573022687], [31.60001037458892, 30.100036083454544], [31.60001037458939, 30.10004059388639], [31.600020749178782, 30.100040593885172], [31.60002074917784, 30.100036083453322], [31.600025936472296, 30.100036083452387], [31.60003112376675, 30.10003608345126], [31.60003631106122, 30.100036083449933], [31.600041498355683, 30.100036083448412], [31.600046685650142, 30.100036083446668], [31.600051872944604, 30.100036083444714], [31.60005706023906, 30.10003608344257], [31.600057060233883, 30.100027062578846], [31.60005187293989, 30.100027062581], [31.600046685645903, 30.100027062582946], [31.600041498351906, 30.10002706258468]]], [[[31.600093371300275, 30.100036083421777], [31.600098558594738, 30.100036083417987], [31.600103745889193, 30.100036083413997], [31.600108933183648, 30.100036083409798], [31.600114120478118, 30.100036083405396], [31.600119307772584, 30.10003608340079], [31.60012449506704, 30.100036083395977], [31.600129682361494, 30.100036083390965], [31.600134869655953, 30.100036083385735], [31.600140056950416, 30.10003608338031], [31.600145244244878, 30.100036083374672], [31.600150431539326, 30.100036083368835], [31.600155618833796, 30.100036083362795], [31.600160806128258, 30.100036083356557], [31.600165993422717, 30.1000360833501], [31.600171180717172, 30.10003608334344], [31.600176368011635, 30.10003608333659], [31.60018155530609, 30.10003608332952], [31.600186742600556, 30.10003608332226], [31.60019192989502, 30.10003608331477], [31.600191929903726, 30.10004059374663], [31.600191929912434, 30.100045104178474], [31.600191929921163, 30.10004961461033], [31.600202304511487, 30.100049614594763], [31.6002023045023, 30.100045104162916], [31.600202304493116, 30.10004059373106], [31.60020230448393, 30.100036083299212], [31.60020749177839, 30.10003608329112], [31.60021267907285, 30.100036083282824], [31.60021786636732, 30.100036083274333], [31.600223053661782, 30.100036083265632], [31.60022824095623, 30.100036083256718], [31.60023342825069, 30.1000360832476], [31.60023342826129, 30.100040593679452], [31.600233428271885, 30.100045104111313], [31.60024380286176, 30.100045104092466], [31.60024380285068, 30.100040593660616], [31.600243802839614, 30.100036083228762], [31.600248990134077, 30.100036083219035], [31.600254177428532, 30.100036083209105], [31.60025936472299, 30.100036083198965], [31.600264552017453, 30.100036083188623], [31.600269739311916, 30.100036083178075], [31.600274926606367, 30.100036083167325], [31.60028011390083, 30.100036083156365], [31.600285301195292, 30.100036083145202], [31.600290488489748, 30.10003608313384], [31.60029567578421, 30.10003608312227], [31.600300863078672, 30.10003608311049], [31.60030605037313, 30.100036083098512], [31.600311237667587, 30.100036083086323], [31.60031642496205, 30.100036083073945], [31.600321612256504, 30.100036083061344], [31.60032679955097, 30.100036083048543], [31.600331986845426, 30.100036083035537], [31.600337174139888, 30.10003608302233], [31.600342361434343, 30.10003608300892], [31.60034754872881, 30.100036082995288], [31.600352736023265, 30.10003608298147], [31.600357923317727, 30.100036082967446], [31.60036311061219, 30.10003608295321], [31.600368297906645, 30.10003608293877], [31.60037348520111, 30.100036082924127], [31.600373485167193, 30.10002706206041], [31.600368297873207, 30.10002706207506], [31.600363110579213, 30.100027062089488], [31.600357923285223, 30.10002706210373], [31.600352735991237, 30.10002706211775], [31.60034754869725, 30.100027062131577], [31.600342361403257, 30.100027062145198], [31.60033717410927, 30.100027062158613], [31.60033198681528, 30.10002706217182], [31.600326799521287, 30.10002706218482], [31.6003216122273, 30.10002706219762], [31.600316424933318, 30.10002706221022], [31.600311237639325, 30.100027062222605], [31.60030605034534, 30.100027062234794], [31.600300863051345, 30.100027062246767], [31.600295675757362, 30.100027062258555], [31.600290488463376, 30.100027062270122], [31.600285301169382, 30.10002706228149], [31.60028011387539, 30.10002706229265], [31.600274926581406, 30.100027062303603], [31.600269739287413, 30.10002706231436], [31.600264551993426, 30.100027062324905], [31.600259364699436, 30.100027062335243], [31.60025417740545, 30.100027062345383], [31.600248990111456, 30.100027062355313], [31.60024380281747, 30.100027062365044], [31.600238615523484, 30.10002706237457], [31.600233428229494, 30.100027062383887], [31.600228240935508, 30.100027062392996], [31.60022305364152, 30.100027062401914], [31.60021786634753, 30.100027062410614], [31.600212679053545, 30.10002706241911], [31.60020749175955, 30.1000270624274], [31.600202304465565, 30.100027062435487], [31.600197117171575, 30.100027062443374], [31.60019192987759, 30.10002706245106], [31.600186742583595, 30.100027062458533], [31.600181555289605, 30.100027062465806], [31.60017636799562, 30.100027062472865], [31.600171180701633, 30.10002706247973], [31.600165993407646, 30.10002706248639], [31.600160806113653, 30.10002706249283], [31.60015561881967, 30.10002706249908], [31.600150431525677, 30.100027062505124], [31.600145244231683, 30.10002706251096], [31.600140056937697, 30.10002706251659], [31.600134869643714, 30.10002706252201], [31.60012968234972, 30.10002706252724], [31.600124495055727, 30.10002706253226], [31.600119307761744, 30.100027062537066], [31.60011412046775, 30.100027062541667], [31.600108933173757, 30.100027062546076], [31.600103745879778, 30.10002706255028], [31.60009855858578, 30.10002706255427], [31.600093371291802, 30.100027062558066], [31.600088183997816, 30.100027062561647], [31.600088184005816, 30.100036083425366], [31.600093371300275, 30.100036083421777]]], [[[31.60009337127484, 30.10000902083058], [31.600098558567886, 30.100009020826803], [31.60010374586093, 30.100009020822807], [31.600108933153983, 30.100009020818604], [31.600114120447024, 30.100009020814202], [31.60011930774007, 30.100009020809594], [31.60012449503312, 30.100009020804787], [31.600129682326166, 30.10000902079976], [31.600134869619215, 30.100009020794545], [31.60014005691226, 30.10000902078912], [31.600145244205304, 30.10000902078349], [31.60015043149835, 30.100009020777645], [31.6001556187914, 30.100009020771605], [31.60016080608445, 30.100009020765352], [31.600165993377495, 30.10000902075891], [31.60017118067054, 30.10000902075225], [31.600176367963584, 30.100009020745386], [31.600181555256633, 30.10000902073832], [31.600186742549678, 30.100009020731054], [31.60019192984273, 30.10000902072358], [31.600197117135775, 30.100009020715902], [31.60020230442882, 30.100009020708022], [31.600207491721868, 30.10000902069993], [31.600212679014913, 30.100009020691633], [31.600217866307965, 30.100009020683142], [31.600223053601006, 30.10000902067442], [31.60022824089405, 30.10000902066552], [31.600233428187103, 30.100009020656408], [31.600238615480148, 30.10000902064709], [31.600243802773193, 30.10000902063757], [31.60024899006624, 30.100009020627837], [31.600254177359286, 30.10000902061791], [31.60025936465233, 30.100009020607768], [31.600264551945383, 30.100009020597426], [31.600269739238424, 30.100009020586885], [31.60027492653147, 30.100009020576124], [31.60028011382452, 30.100009020565174], [31.600285301117566, 30.100009020554012], [31.600290488410614, 30.100009020542643], [31.60029567570366, 30.100009020531072], [31.600300862996704, 30.100009020519305], [31.600306050289756, 30.100009020507315], [31.6003112375828, 30.100009020495133], [31.600316424875842, 30.10000902048274], [31.600321612168894, 30.100009020470146], [31.60032679946194, 30.10000902045735], [31.60032679947678, 30.10001353088923], [31.600337174063345, 30.100013530863016], [31.600337174048033, 30.100009020431134], [31.600337174032724, 30.10000450999926], [31.60033717401741, 30.09999999956738], [31.60033198672484, 30.09999999958059], [31.600326799432263, 30.099999999593592], [31.600321612139684, 30.099999999606393], [31.60031642484711, 30.099999999618987], [31.600311237554536, 30.09999999963138], [31.600306050261963, 30.09999999964356], [31.600300862969384, 30.099999999655545], [31.60029567567681, 30.099999999667318], [31.600290488384235, 30.09999999967889], [31.600285301091656, 30.099999999690258], [31.600280113799084, 30.09999999970142], [31.600274926506508, 30.099999999712367], [31.60026973921393, 30.099999999723124], [31.600264551921356, 30.099999999733672], [31.600259364628783, 30.09999999974402], [31.6002541773362, 30.099999999754154], [31.600248990043628, 30.09999999976409], [31.600243802751056, 30.09999999977381], [31.60023861545848, 30.09999999978334], [31.6002334281659, 30.09999999979265], [31.600228240873328, 30.099999999801767], [31.600223053580756, 30.099999999810674], [31.600217866288173, 30.09999999981938], [31.6002126789956, 30.09999999982788], [31.600207491703028, 30.099999999836175], [31.60020230441045, 30.099999999844258], [31.600197117117872, 30.09999999985214], [31.6001919298253, 30.09999999985982], [31.60018674253272, 30.0999999998673], [31.600181555240145, 30.09999999987457], [31.600176367947572, 30.099999999881636], [31.600171180654993, 30.099999999888492], [31.60016599336242, 30.099999999895154], [31.600160806069844, 30.099999999901605], [31.600155618777265, 30.09999999990785], [31.600150431484693, 30.099999999913894], [31.600145244192117, 30.099999999919728], [31.600140056899544, 30.099999999925355], [31.600134869606965, 30.099999999930784], [31.600129682314392, 30.099999999936006], [31.600124495021817, 30.099999999941023], [31.600119307729237, 30.09999999994584], [31.600114120436665, 30.099999999950445], [31.60010893314409, 30.099999999954846], [31.60010374585151, 30.099999999959046], [31.600098558558937, 30.099999999963032], [31.600093371266365, 30.09999999996683], [31.60008818397378, 30.09999999997041], [31.600088183981793, 30.100009020834175], [31.60009337127484, 30.10000902083058]]], [[[31.600051872925754, 30.099999999989763], [31.60004668563318, 30.099999999991716], [31.60004149834061, 30.099999999993454], [31.60003631104803, 30.099999999994985], [31.600031123755453, 30.09999999999632], [31.60002593646288, 30.099999999997447], [31.6000207491703, 30.099999999998364], [31.600015561877726, 30.09999999999909], [31.600010374585153, 30.099999999999596], [31.600010374586095, 30.100009020863357], [31.600015561879147, 30.100009020862842], [31.600020749172177, 30.100009020862117], [31.60002593646523, 30.100009020861204], [31.600031123758292, 30.100009020860078], [31.60003631105133, 30.100009020858742], [31.600041498344375, 30.100009020857215], [31.600046685637423, 30.10000902085547], [31.600051872930468, 30.100009020853523], [31.600057060223513, 30.100009020851374], [31.60005706021833, 30.099999999987613], [31.600051872925754, 30.099999999989763]]], [[[31.600098558621585, 30.10006314600906], [31.600103745917455, 30.10006314600508], [31.600108933213345, 30.10006314600088], [31.600114120509208, 30.10006314599648], [31.600119307805087, 30.100063145991875], [31.60012449510095, 30.100063145987058], [31.600129682396826, 30.100063145982038], [31.600134869692692, 30.100063145976815], [31.600140056988575, 30.10006314597139], [31.600145244284445, 30.100063145965763], [31.600150431580317, 30.100063145959922], [31.600155618876187, 30.10006314595388], [31.600160806172063, 30.100063145947633], [31.60016599346793, 30.100063145941174], [31.60016599345287, 30.100054125077502], [31.60016080615746, 30.100054125083954], [31.600155618862054, 30.1000541250902], [31.60015043156666, 30.10005412509625], [31.60014524427125, 30.100054125102076], [31.600140056975853, 30.10005412510771], [31.60013486968045, 30.100054125113136], [31.60012968238505, 30.100054125118355], [31.600124495089645, 30.10005412512338], [31.60011930779424, 30.10005412512819], [31.600114120498837, 30.100054125132793], [31.600108933203444, 30.100054125137202], [31.600103745908037, 30.100054125141394], [31.600098558612636, 30.100054125145395], [31.600093371317232, 30.100054125149185], [31.600088184021836, 30.10005412515276], [31.60008299672644, 30.100054125156145], [31.600077809431028, 30.100054125159314], [31.600072622135627, 30.10005412516229], [31.60006743484023, 30.10005412516505], [31.60006224754482, 30.100054125167613], [31.600057060249423, 30.10005412516996], [31.600051872954023, 30.100054125172118], [31.60004668565862, 30.100054125174058], [31.600041498363215, 30.100054125175802], [31.600036311067818, 30.100054125177333], [31.600031123772414, 30.10005412517867], [31.60002593647701, 30.100054125179796], [31.600025936478186, 30.100058635611646], [31.60002593647937, 30.10006314604348], [31.600025936480538, 30.100067656475318], [31.60003631107276, 30.100067656472856], [31.60003631107111, 30.100063146041027], [31.600041498366988, 30.100063146039485], [31.600046685662857, 30.100063146037744], [31.60005187295873, 30.10006314603579], [31.600057060254606, 30.100063146033648], [31.600062247550476, 30.100063146031292], [31.60006743484635, 30.10006314602873], [31.600072622142218, 30.10006314602597], [31.600077809438087, 30.100063146022993], [31.600082996733963, 30.100063146019817], [31.600088184029843, 30.100063146016453], [31.600093371325713, 30.100063146012864], [31.600098558621585, 30.10006314600906]]], [[[31.600046685675572, 30.10009020862871], [31.60005187297286, 30.10009020862677], [31.600057060270146, 30.10009020862462], [31.600062247567433, 30.100090208622255], [31.60006743486472, 30.100090208619704], [31.600072622162006, 30.100090208616944], [31.600077809459297, 30.100090208613974], [31.600082996756583, 30.100090208610798], [31.600088184053863, 30.100090208607416], [31.60009337135115, 30.10009020860383], [31.600098558648437, 30.10009020860004], [31.600103745945717, 30.100090208596054], [31.60010893324301, 30.100090208591855], [31.600108933247956, 30.100094719023673], [31.600108933252905, 30.100099229455484], [31.600108933257854, 30.1001037398873], [31.600108933262796, 30.100108250319106], [31.600103745964567, 30.100108250323302], [31.600098558666343, 30.1001082503273], [31.60009337136811, 30.100108250331083], [31.60008818406988, 30.10010825033467], [31.600082996771658, 30.100108250338053], [31.600077809473422, 30.100108250341222], [31.600072622175194, 30.100108250344185], [31.600067434876966, 30.100108250346967], [31.60006743488309, 30.100117271210564], [31.60007262218179, 30.100117271207804], [31.600077809480485, 30.100117271204827], [31.600082996779182, 30.100117271201658], [31.60008818407789, 30.100117271198272], [31.600093371376595, 30.100117271194687], [31.60009855867529, 30.1001172711909], [31.600103745973986, 30.100117271186914], [31.600108933272686, 30.100117271182715], [31.600114120571387, 30.100117271178306], [31.600119307870084, 30.1001172711737], [31.600124495168785, 30.10011727116889], [31.600129682467482, 30.10011727116387], [31.600134869766176, 30.100117271158656], [31.600140057064888, 30.100117271153216], [31.60014524436358, 30.100117271147596], [31.600150431662282, 30.100117271141748], [31.600155618960976, 30.100117271135705], [31.60016080625968, 30.10011727112946], [31.60016599355838, 30.100117271123022], [31.600171180857078, 30.100117271116353], [31.60017118084153, 30.100108250252752], [31.60016599354331, 30.1001082502594], [31.600160806245082, 30.100108250265855], [31.60015561894684, 30.100108250272104], [31.60015043164862, 30.10010825027815], [31.60014524435039, 30.100108250283984], [31.600140057052165, 30.100108250289615], [31.600134869753937, 30.10010825029504], [31.60012968245571, 30.100108250300263], [31.600124495157473, 30.100108250305283], [31.600119307859245, 30.100108250310097], [31.600119307853827, 30.100103739878286], [31.60011930784842, 30.10009922944647], [31.60011930784299, 30.100094719014663], [31.60011930783758, 30.100090208582834], [31.600124495134867, 30.100090208578024], [31.600129682432154, 30.100090208573008], [31.60013486972944, 30.100090208567792], [31.600140057026728, 30.100090208562357], [31.600145244324015, 30.10009020855673], [31.60015043162129, 30.100090208550895], [31.600155618918585, 30.10009020854486], [31.600160806215865, 30.100090208538607], [31.600165993513166, 30.100090208532162], [31.60017118081043, 30.10009020852549], [31.60017636810774, 30.100090208518637], [31.600181555405012, 30.10009020851157], [31.60018155538853, 30.10008118764793], [31.60017636809171, 30.10008118765499], [31.6001711807949, 30.100081187661853], [31.60016599349808, 30.100081187668508], [31.600160806201274, 30.10008118767497], [31.60015561890445, 30.100081187681205], [31.600150431607638, 30.10008118768725], [31.60014524431083, 30.100081187693092], [31.600140057014006, 30.100081187698716], [31.600134869717184, 30.10008118770414], [31.600129682420373, 30.10008118770937], [31.600124495123563, 30.100081187714377], [31.60011930782674, 30.100081187719194], [31.60011412052993, 30.100081187723806], [31.600108933233113, 30.100081187728215], [31.600103745936305, 30.100081187732407], [31.600098558639488, 30.1000811877364], [31.600093371342666, 30.100081187740184], [31.600088184045855, 30.100081187743765], [31.600082996749038, 30.100081187747143], [31.600077809452223, 30.100081187750323], [31.600072622155412, 30.100081187753297], [31.600067434858595, 30.10008118775606], [31.600062247561777, 30.10008118775862], [31.600057060264962, 30.100081187760974], [31.60005187296815, 30.10008118776313], [31.600046685671334, 30.10008118776507], [31.60004149837452, 30.10008118776681], [31.600041498378292, 30.100090208630448], [31.600046685675572, 30.10009020862871]]], [[[31.600150431703266, 30.100144333732498], [31.600155619003377, 30.10014433372646], [31.60016080630348, 30.10014433372021], [31.600165993603593, 30.100144333713764], [31.60017118090371, 30.100144333707107], [31.600176368203822, 30.100144333700243], [31.600181555503934, 30.10014433369318], [31.600186742804052, 30.10014433368591], [31.600186742812532, 30.10014884411769], [31.600186742821013, 30.100153354549462], [31.600186742829486, 30.10015786498125], [31.600186742837963, 30.100162375413014], [31.600186742846436, 30.100166885844775], [31.600181555545156, 30.100166885852044], [31.600176368243865, 30.100166885859117], [31.60017636823585, 30.100162375427345], [31.600165993633745, 30.10016237544087], [31.600165993641284, 30.100166885872635], [31.600165993648822, 30.100171396304397], [31.600165993656358, 30.100175906736162], [31.600171180958114, 30.100175906729504], [31.600176368259877, 30.10017590672264], [31.600181555561637, 30.100175906715577], [31.600186742863404, 30.10017590670831], [31.600191930165167, 30.10017590670084], [31.600197117466926, 30.100175906693156], [31.600197117457977, 30.100171396261395], [31.6002023047595, 30.100171396253508], [31.600207492061024, 30.100171396245415], [31.600212679362546, 30.100171396237123], [31.600217866664078, 30.100171396228617], [31.6002230539656, 30.10017139621992], [31.600228241267132, 30.10017139621101], [31.600233428568654, 30.100171396201894], [31.600238615870186, 30.100171396192586], [31.600243803171708, 30.10017139618305], [31.600248990473226, 30.100171396173334], [31.60025417777475, 30.100171396163397], [31.60025936507628, 30.100171396153257], [31.600264552377805, 30.10017139614292], [31.600269739679334, 30.100171396132374], [31.600274926980855, 30.100171396121624], [31.60028011428238, 30.100171396110664], [31.60028530158391, 30.100171396099498], [31.60029048888544, 30.10017139608814], [31.60029567618696, 30.10017139607656], [31.60030086348849, 30.100171396064788], [31.600300863474832, 30.10016688563302], [31.60030086346116, 30.10016237520126], [31.600300863447515, 30.100157864769486], [31.600300863433848, 30.100153354337714], [31.600300863420184, 30.100148843905927], [31.60030086340652, 30.100144333474148], [31.600306050706635, 30.100144333462172], [31.60031123800675, 30.100144333449983], [31.60031642530686, 30.10014433343759], [31.60032161260698, 30.10014433342501], [31.600321612621578, 30.100148843856783], [31.60032161263617, 30.100153354288548], [31.600321612650774, 30.100157864720327], [31.600321612665386, 30.100162375152113], [31.600321612679984, 30.100166885583867], [31.60032161269459, 30.10017139601564], [31.600326799996107, 30.100171396002843], [31.600331987297643, 30.100171395989825], [31.60033717459916, 30.10017139597662], [31.60034236190069, 30.100171395963205], [31.60034754920222, 30.100171395949594], [31.600352736503744, 30.100171395935764], [31.600357923805262, 30.100171395921738], [31.600363111106784, 30.10017139590751], [31.60036829840831, 30.100171395893067], [31.600373485709845, 30.100171395878426], [31.60037867301137, 30.10017139586358], [31.600383860312892, 30.10017139584852], [31.600383860278033, 30.10016237498499], [31.600378672976987, 30.100162375000046], [31.600373485675927, 30.100162375014893], [31.600368298374875, 30.100162375029534], [31.60036311107383, 30.100162375043976], [31.60035792377277, 30.100162375058204], [31.600352736471716, 30.10016237507223], [31.600347549170657, 30.10016237508606], [31.600342361869597, 30.10016237509968], [31.600337174568544, 30.10016237511309], [31.60033198726749, 30.1001623751263], [31.600331987252414, 30.100157864694527], [31.600331987237347, 30.100153354262748], [31.600331987222276, 30.100148843830983], [31.600331987207195, 30.100144333399196], [31.600337174507306, 30.10014433338599], [31.600342361807417, 30.100144333372576], [31.600347549107536, 30.100144333358955], [31.600352736407647, 30.100144333345135], [31.600357923707758, 30.10014433333111], [31.60036311100787, 30.100144333316866], [31.60036829830798, 30.100144333302424], [31.600373485608092, 30.100144333287787], [31.60037867290821, 30.100144333272947], [31.600383860208314, 30.10014433325789], [31.600389047508433, 30.100144333242635], [31.60039423480855, 30.100144333227167], [31.60039942210866, 30.1001443332115], [31.600404609408773, 30.100144333195633], [31.6004046093904, 30.10013982276385], [31.600404609372028, 30.100135312332064], [31.600404609353657, 30.100130801900278], [31.600404609335293, 30.10012629146848], [31.600404609316914, 30.10012178103668], [31.600394234719044, 30.10012178106822], [31.600394234736946, 30.10012629150002], [31.600394234754845, 30.10013080193181], [31.600394234772747, 30.1001353123636], [31.60038904747311, 30.100135312379066], [31.60038386017347, 30.10013531239432], [31.600378672873816, 30.10013531240937], [31.60037348557419, 30.100135312424218], [31.600368298274542, 30.10013531243886], [31.6003631109749, 30.1001353124533], [31.600357923675258, 30.100135312467536], [31.600352736375612, 30.100135312481562], [31.600347549075977, 30.100135312495386], [31.600342361776338, 30.100135312509003], [31.600337174476685, 30.100135312522415], [31.600331987177057, 30.10013531253563], [31.600326799877415, 30.100135312548634], [31.600321612577762, 30.100135312561427], [31.60031642527812, 30.10013531257403], [31.600311237978485, 30.100135312586414], [31.600306050678846, 30.1001353125986], [31.60030086337921, 30.100135312610586], [31.600295676079565, 30.100135312622353], [31.60029048877993, 30.100135312633924], [31.600285301480277, 30.100135312645293], [31.60028011418064, 30.100135312656462], [31.600274926880996, 30.10013531266741], [31.600269739581353, 30.10013531267816], [31.600264552281708, 30.100135312688707], [31.600259364982072, 30.100135312699056], [31.600254177682437, 30.100135312709195], [31.60024899038279, 30.100135312719125], [31.60024380308315, 30.10013531272885], [31.600238615783503, 30.100135312738374], [31.600233428483868, 30.100135312747692], [31.60022824118422, 30.100135312756812], [31.600223053884587, 30.100135312765712], [31.600217866584938, 30.100135312774416], [31.6002126792853, 30.10013531278292], [31.600207491985657, 30.10013531279121], [31.600207491976235, 30.100130802359423], [31.600207491966817, 30.10012629192763], [31.600207491957395, 30.100121781495826], [31.600212679256323, 30.100121781487537], [31.60021786655526, 30.100121781479032], [31.60021786654537, 30.100117271047235], [31.60021786653548, 30.10011276061543], [31.600217866525597, 30.10010825018363], [31.600217866515692, 30.10010373975182], [31.60020749191972, 30.10010373976862], [31.600207491929133, 30.100108250200424], [31.600207491938555, 30.100112760632236], [31.60020230464008, 30.100112760640307], [31.60019711734162, 30.100112760648198], [31.600197117350568, 30.10011727108001], [31.600197117359517, 30.100121781511806], [31.600197117368477, 30.100126291943596], [31.60019711737742, 30.100130802375396], [31.600197117386376, 30.100135312807186], [31.60019193008673, 30.10013531281487], [31.600186742787095, 30.100135312822335], [31.600181555487445, 30.10013531282961], [31.600176368187807, 30.10013531283667], [31.60017118088817, 30.100135312843534], [31.60016599358852, 30.10013531285019], [31.600160806288883, 30.10013531285664], [31.60015561898924, 30.100135312862893], [31.600150431689602, 30.100135312868936], [31.60014524438996, 30.10013531287477], [31.600145244403155, 30.10014433373833], [31.600150431703266, 30.100144333732498]], [[31.60019711742217, 30.10015335453431], [31.600197117413227, 30.100148844102538], [31.600197117404274, 30.10014433367076], [31.600202304704382, 30.100144333662872], [31.6002074920045, 30.100144333654786], [31.600212679304615, 30.10014433364649], [31.60021786660473, 30.100144333637985], [31.60022305390484, 30.100144333629284], [31.600228241204945, 30.10014433362037], [31.600233428505064, 30.10014433361127], [31.600238615805182, 30.100144333601943], [31.60024380310528, 30.100144333592414], [31.600248990405397, 30.100144333582694], [31.60025417770551, 30.10014433357276], [31.600259365005627, 30.100144333562625], [31.600264552305738, 30.100144333552276], [31.60026973960585, 30.10014433354173], [31.600274926905968, 30.100144333530984], [31.600280114206072, 30.100144333520024], [31.600285301506183, 30.10014433350886], [31.60029048880631, 30.1001443334975], [31.60029048881949, 30.100148843929286], [31.60029048883268, 30.10015335436106], [31.600290488845868, 30.10015786479283], [31.600290488859056, 30.100162375224606], [31.60028530155801, 30.10016237523597], [31.600280114256943, 30.10016237524713], [31.600274926955898, 30.10016237525809], [31.60026973965483, 30.10016237526884], [31.600264552353785, 30.100162375279375], [31.600259365052725, 30.100162375289717], [31.600254177751676, 30.100162375299863], [31.600248990450623, 30.100162375309793], [31.60024380314956, 30.100162375319524], [31.60023861584851, 30.10016237532904], [31.600233428547455, 30.100162375338368], [31.600228241246402, 30.100162375347477], [31.600223053945346, 30.100162375356383], [31.60021786664429, 30.10016237536509], [31.600212679343237, 30.100162375373582], [31.60020749204218, 30.100162375381885], [31.600202304741128, 30.100162375389974], [31.600197117440075, 30.10016237539786], [31.600197117431126, 30.100157864966096], [31.60019711742217, 30.10015335453431]]], [[[31.60038385999917, 30.10009020807628], [31.60037867270189, 30.100090208091338], [31.600378672684695, 30.100085697659512], [31.6003786726675, 30.10008118722769], [31.600383859964317, 30.100081187212634], [31.600389047261128, 30.10008118719738], [31.600394234557942, 30.10008118718192], [31.600399421854767, 30.100081187166253], [31.600399421818487, 30.1000721663026], [31.600394234522142, 30.100072166318256], [31.600389047225796, 30.100072166333725], [31.600383859929458, 30.100072166348987], [31.60037867263312, 30.10007216636403], [31.60037348533677, 30.100072166378883], [31.600368298040426, 30.100072166393527], [31.600368298057152, 30.10007667682535], [31.600368298073867, 30.100081187257178], [31.60036829809059, 30.100085697689003], [31.600368298107313, 30.10009020812083], [31.60036829812404, 30.100094718552644], [31.60036829814076, 30.100099228984455], [31.600373485438517, 30.100099228969817], [31.60037348542156, 30.100094718538006], [31.600383860016606, 30.100094718508096], [31.60038385999917, 30.10009020807628]]], [[[31.600368298157484, 30.100103739416273], [31.6003682981742, 30.100108249848077], [31.60036311087598, 30.10010824986252], [31.600357923577757, 30.100108249876754], [31.600352736279522, 30.10010824989078], [31.6003475489813, 30.1001082499046], [31.600342361683065, 30.10010824991822], [31.600337174384837, 30.100108249931637], [31.600331987086605, 30.100108249944842], [31.600326799788377, 30.100108249957852], [31.60032161249015, 30.10010824997065], [31.60031642519192, 30.100108249983244], [31.6003112378937, 30.100108249995635], [31.600306050595464, 30.100108250007825], [31.600300863297242, 30.100108250019794], [31.600295675999014, 30.10010825003157], [31.60029048870078, 30.100108250043142], [31.60028530140255, 30.100108250054507], [31.600285301428464, 30.100117270918116], [31.600290488727158, 30.10011727090675], [31.60029567602586, 30.10011727089518], [31.600300863324563, 30.100117270883413], [31.600306050623256, 30.10011727087142], [31.60031123792196, 30.100117270859243], [31.600316425220655, 30.100117270846848], [31.600321612519352, 30.100117270834254], [31.600326799818053, 30.100117270821453], [31.600331987116757, 30.10011727080845], [31.60033717441545, 30.100117270795245], [31.60034236171415, 30.100117270781823], [31.60034754901285, 30.100117270768212], [31.600352736311564, 30.10011727075438], [31.600357923610254, 30.100117270740355], [31.600363110908948, 30.100117270726127], [31.60036829820765, 30.100117270711685], [31.60037348550636, 30.100117270697044], [31.600373485455485, 30.10010373940163], [31.600368298157484, 30.100103739416273]]], [[[31.60008818412994, 30.100175906811426], [31.60008818413394, 30.100180417243173], [31.60008818413795, 30.100184927674935], [31.600088184141953, 30.10018943810669], [31.600082996839486, 30.10018943811007], [31.600077809537016, 30.10018943811324], [31.600077809533484, 30.100184927681493], [31.60006743492902, 30.10018492768722], [31.600067434932086, 30.100189438118985], [31.600067434935145, 30.100193948550718], [31.600067434938204, 30.100198458982472], [31.60007262224114, 30.100198458979712], [31.600077809544082, 30.100198458976735], [31.600082996847025, 30.100198458973573], [31.60008818414996, 30.100198458970183], [31.600093371452896, 30.100198458966602], [31.60009855875584, 30.10019845896281], [31.600103746058775, 30.100198458958822], [31.600108933361717, 30.100198458954623], [31.600114120664653, 30.100198458950217], [31.600119307967596, 30.100198458945616], [31.60012449527054, 30.100198458940802], [31.600129682573474, 30.100198458935775], [31.60013486987641, 30.100198458930553], [31.60014005717935, 30.100198458925135], [31.600145244482288, 30.100198458919497], [31.600150431785227, 30.100198458913663], [31.600155619088163, 30.10019845890762], [31.600160806391102, 30.100198458901374], [31.60016599369404, 30.100198458894912], [31.600171180996977, 30.100198458888265], [31.60017636829992, 30.100198458881415], [31.600181555602855, 30.100198458874345], [31.600186742905798, 30.10019845886707], [31.60019193020874, 30.100198458859595], [31.600197117511676, 30.10019845885191], [31.600202304814612, 30.10019845884403], [31.600207492117555, 30.100198458835937], [31.60021267942049, 30.100198458827645], [31.600217866723426, 30.100198458819147], [31.60022305402637, 30.10019845881045], [31.60022824132931, 30.100198458801543], [31.600233428632247, 30.100198458792416], [31.600238615935183, 30.100198458783105], [31.600243803238133, 30.10019845877358], [31.60024899054107, 30.100198458763856], [31.600254177843997, 30.100198458753912], [31.60025936514694, 30.100198458743787], [31.600264552449875, 30.10019845873344], [31.60026973975282, 30.10019845872289], [31.600274927055754, 30.10019845871214], [31.600280114358696, 30.100198458701186], [31.600285301661632, 30.100198458690027], [31.60028530167458, 30.100202969121764], [31.600285301687535, 30.100207479553504], [31.6002853017005, 30.100211989985244], [31.600285301713456, 30.100216500416984], [31.60028011440957, 30.100216500428143], [31.600274927105687, 30.10021650043909], [31.60026973980181, 30.100216500449854], [31.600264552497926, 30.100216500460398], [31.60025936519405, 30.100216500470736], [31.600254177890164, 30.100216500480876], [31.600254177913243, 30.10022552134433], [31.6002593652176, 30.1002255213342], [31.600264552521946, 30.10022552132385], [31.6002697398263, 30.10022552131331], [31.60027492713065, 30.10022552130255], [31.60028011443501, 30.1002255212916], [31.60028530173936, 30.10022552128043], [31.600290489043704, 30.100225521269074], [31.600295676348065, 30.100225521257503], [31.60029567633464, 30.100221010825774], [31.60030086363875, 30.100221010814], [31.60030605094287, 30.100221010802024], [31.600311238246988, 30.100221010789827], [31.600311238261124, 30.100225521221557], [31.600321612869823, 30.100225521196577], [31.600321612855215, 30.10022101076484], [31.60032680015934, 30.10022101075205], [31.600326800144504, 30.100216500320315], [31.600331987448374, 30.10021650030731], [31.60033717475226, 30.100216500294103], [31.600342362056136, 30.10021650028069], [31.60034754936002, 30.100216500267067], [31.600352736663897, 30.100216500253243], [31.60035273664789, 30.100211989821517], [31.600352736631876, 30.10020747938978], [31.600352736615854, 30.100202968958026], [31.600357923919038, 30.100202968944007], [31.6003631112222, 30.10020296892977], [31.600363111189225, 30.100193948066277], [31.600357923886524, 30.10019394808052], [31.600357923870277, 30.100189437648773], [31.60034754926534, 30.10018943767662], [31.600347549281118, 30.10019394810837], [31.600342361978402, 30.100193948121987], [31.60034236199397, 30.10019845855374], [31.600342362009503, 30.100202968985474], [31.600342362025057, 30.100207479417215], [31.600337174721638, 30.100207479430637], [31.60033198741823, 30.10020747944383], [31.600326800114825, 30.100207479456845], [31.600321612811406, 30.100207479469645], [31.600316425507998, 30.10020747948224], [31.60031642552236, 30.100211989913973], [31.60031123821872, 30.100211989926365], [31.600306050915076, 30.100211989938554], [31.600300863611437, 30.100211989950537], [31.600295676307788, 30.100211989962308], [31.600295676294365, 30.10020747953057], [31.600295676280936, 30.100202969098824], [31.600295676267514, 30.10019845866709], [31.60029567625409, 30.100193948235344], [31.60029567624066, 30.10018943780359], [31.600290488938192, 30.100189437815164], [31.60028530163573, 30.100189437826533], [31.600280114333263, 30.100189437837695], [31.600274927030792, 30.100189437848652], [31.60026973972832, 30.1001894378594], [31.600264552425855, 30.100189437869947], [31.600259365123385, 30.10018943788029], [31.60025417782092, 30.100189437890425], [31.60024899051845, 30.100189437900355], [31.60024380321599, 30.100189437910085], [31.60023861591352, 30.10018943791961], [31.600233428611045, 30.100189437928922], [31.600228241308585, 30.100189437938038], [31.600223054006115, 30.10018943794695], [31.600217866703645, 30.10018943795565], [31.60021267940117, 30.100189437964154], [31.600207492098708, 30.100189437972443], [31.60020230479624, 30.100189437980536], [31.600197117493778, 30.100189437988416], [31.60019193019131, 30.1001894379961], [31.60018674288884, 30.100189438003575], [31.600181555586367, 30.100189438010847], [31.600176368283904, 30.100189438017914], [31.600171180981437, 30.10018943802477], [31.600165993678967, 30.100189438031425], [31.6001608063765, 30.10018943803788], [31.60015561907403, 30.100189438044115], [31.60015043177157, 30.10018943805017], [31.600145244469093, 30.100189438055995], [31.60014005716663, 30.100189438061633], [31.600134869864164, 30.100189438067073], [31.600129682561693, 30.10018943807228], [31.600124495259227, 30.1001894380773], [31.60011930795676, 30.100189438082115], [31.60011412065429, 30.100189438086726], [31.600108933351827, 30.100189438091135], [31.60010374604936, 30.10018943809532], [31.60009855874689, 30.100189438099317], [31.60009855874241, 30.100184927667556], [31.600098558737937, 30.10018041723581], [31.600098558733468, 30.100175906804047], [31.600098558728988, 30.10017139637229], [31.60009855872451, 30.100166885940517], [31.60009855872004, 30.10016237550875], [31.60009337141898, 30.10016237551254], [31.600088184117926, 30.100162375516128], [31.600082996816873, 30.100162375519506], [31.60007780951582, 30.10016237552268], [31.60007262221476, 30.100162375525645], [31.600067434913708, 30.100162375528413], [31.600062247612655, 30.100162375530974], [31.600057060311602, 30.10016237553333], [31.60005187301055, 30.10016237553548], [31.60004668570949, 30.10016237553742], [31.600041498408437, 30.100162375539167], [31.60004149841032, 30.10016688597093], [31.600041498412203, 30.1001713964027], [31.600041498414093, 30.10017590683447], [31.60005187301761, 30.10017590683077], [31.600051873015257, 30.100171396399013], [31.60005706031678, 30.100171396396863], [31.60006224761831, 30.100171396394508], [31.600067434919833, 30.100171396391943], [31.600072622221358, 30.10017139638918], [31.60007780952288, 30.100171396386212], [31.600082996824412, 30.100171396383047], [31.60008818412594, 30.10017139637966], [31.60008818412994, 30.100175906811426]]], [[[31.600217866763, 30.100216500546097], [31.600212679459116, 30.100216500554602], [31.60020749215524, 30.100216500562897], [31.600202304851354, 30.100216500570987], [31.600197117547477, 30.100216500578874], [31.600191930243593, 30.100216500586548], [31.60018674293971, 30.100216500594026], [31.60018155563583, 30.10021650060129], [31.600176368331947, 30.100216500608358], [31.60017118102807, 30.100216500615222], [31.60016599372419, 30.100216500621876], [31.60016080642031, 30.100216500628328], [31.60015561911643, 30.100216500634573], [31.60015043181255, 30.100216500640617], [31.600150431826208, 30.100225521504072], [31.60015561913056, 30.100225521498036], [31.60016080643491, 30.10022552149179], [31.600165993739264, 30.10022552148534], [31.600171181043613, 30.10022552147868], [31.600176368347967, 30.10022552147181], [31.60018155565232, 30.100225521464754], [31.600186742956677, 30.100225521457485], [31.600191930261023, 30.10022552145001], [31.600197117565376, 30.100225521442336], [31.600202304869725, 30.10022552143445], [31.60020749217408, 30.10022552142636], [31.600212679478428, 30.100225521418057], [31.60021786678278, 30.100225521409566], [31.600223054087138, 30.10022552140086], [31.600223054066884, 30.1002165005374], [31.600217866763, 30.100216500546097]]]]}, "properties": {"layer": "corridor", "area_m2": 227.2, "min_width_m": 1.0}}, {"type": "Feature", "geometry": {"type": "Polygon", "coordinates": [[[31.600062247512607, 30.100002706244393], [31.600082996683476, 30.10000270623293], [31.60008299668121, 30.09999999997379], [31.60006224751091, 30.099999999985258], [31.600062247512607, 30.100002706244393]]]}, "properties": {"layer": "door", "id": "D1-south", "capacity": 80, "beds_served": 48}}, {"type": "Feature", "geometry": {"type": "Polygon", "coordinates": [[[31.600414983820574, 30.1000992288453], [31.600411871441917, 30.100099228855097], [31.600411871516723, 30.10011727058232], [31.60041498389595, 30.100117270572525], [31.600414983820574, 30.1000992288453]]]}, "properties": {"layer": "door", "id": "D2-east", "capacity": 60, "beds_served": 48}}, {"type": "Feature", "geometry": {"type": "Polygon", "coordinates": [[[31.600248990624728, 30.100231835958688], [31.600228241406, 30.100231835996365], [31.60022824141221, 30.100234542255397], [31.600248990631503, 30.100234542217713], [31.600248990624728, 30.100231835958688]]]}, "properties": {"layer": "door", "id": "D3-north", "capacity": 80, "beds_served": 35}}, {"type": "Feature", "geometry": {"type": "Polygon", "coordinates": [[[31.600003112378232, 30.10008569820515], [31.600003112377806, 30.100072166909673], [31.6, 30.10007216690971], [31.6, 30.10008569820518], [31.600003112378232, 30.10008569820515]]]}, "properties": {"layer": "door", "id": "D4-west", "capacity": 40, "beds_served": 38}}, {"type": "Feature", "geometry": {"type": "Polygon", "coordinates": [[[31.60018674253272, 30.0999999998673], [31.60020230441045, 30.099999999844258], [31.600202304888096, 30.100234542297887], [31.600186742973627, 30.100234542320926], [31.60018674253272, 30.0999999998673]]]}, "properties": {"layer": "prohibited", "id": "fire-break"}}, {"type": "Feature", "geometry": {"type": "Polygon", "coordinates": [[[31.600352736087334, 30.100054124708876], [31.60038385985974, 30.100054124621632], [31.600383859981747, 30.100085697644463], [31.60035273619944, 30.1000856977317], [31.600352736087334, 30.100054124708876]]]}, "properties": {"layer": "prohibited", "id": "exhaust"}}, {"type": "Feature", "geometry": {"type": "Polygon", "coordinates": [[[31.600010374596927, 30.10011276079566], [31.600051872984633, 30.100112760785827], [31.60005187299877, 30.100139823376598], [31.60001037459975, 30.100139823386424], [31.600010374596927, 30.10011276079566]]]}, "properties": {"layer": "obstacle", "id": "latrines", "kind": "sanitation"}}, {"type": "Feature", "geometry": {"type": "Polygon", "coordinates": [[[31.600311237724117, 30.100054124813727], [31.600352736087334, 30.100054124708876], [31.600352736183424, 30.10008118729988], [31.6003112378089, 30.10008118740474], [31.600311237724117, 30.100054124813727]]]}, "properties": {"layer": "obstacle", "id": "generator", "kind": "power"}}, {"type": "Feature", "geometry": {"type": "Polygon", "coordinates": [[[31.60026455223366, 30.100117270961533], [31.600263790749317, 30.10012145213334], [31.60026157993245, 30.100125224662914], [31.600258137648545, 30.10012821779226], [31.600253798996334, 30.100130140146742], [31.600248990371487, 30.10013080228734], [31.60024418174331, 30.100130140164968], [31.60023984308147, 30.100128217826935], [31.600236400782553, 30.100125224710638], [31.600234189946782, 30.100121452189445], [31.60023342844147, 30.100117271020512], [31.600234189927054, 30.100113089848882], [31.6002364007447, 30.100109317319752], [31.60023984302861, 30.100106324190964], [31.600244181680043, 30.100104401836955], [31.600248990303644, 30.100103739696525], [31.60025379893058, 30.10010440181872], [31.600258137591652, 30.100106324156304], [31.600261579890564, 30.100109317272043], [31.600263790727116, 30.10011308979278], [31.60026455223366, 30.100117270961533]]]}, "properties": {"layer": "obstacle", "id": "water-tank", "kind": "water"}}, {"type": "Feature", "geometry": {"type": "Polygon", "coordinates": [[[31.600093371402025, 30.100144333785444], [31.60012449519139, 30.100135312896064], [31.60013486982742, 30.100162375476504], [31.600103746030513, 30.100171396368292], [31.600093371402025, 30.100144333785444]]]}, "properties": {"layer": "obstacle", "id": "trees", "kind": "vegetation"}}, {"type": "Feature", "geometry": {"type": "Polygon", "coordinates": [[[31.600300863515802, 30.100180416928314], [31.600342361931776, 30.100180416826724], [31.600342362025057, 30.100207479417215], [31.600300863597774, 30.100207479518797], [31.600300863515802, 30.100180416928314]]]}, "properties": {"layer": "obstacle", "id": "medical-store", "kind": "storage"}}, {"type": "Feature", "geometry": {"type": "LineString", "coordinates": [[31.6000129682408, 30.10007171586588], [31.600004668567024, 30.10007893255736]]}, "properties": {"layer": "path", "bed": "B001", "door": "D4-west", "walk_m": 1.63}}, {"type": "Feature", "geometry": {"type": "LineString", "coordinates": [[31.600012968242684, 30.100086149247733], [31.600004668567024, 30.10007893255736]]}, "properties": {"layer": "path", "bed": "B002", "door": "D4-west", "walk_m": 1.63}}, {"type": "Feature", "geometry": {"type": "LineString", "coordinates": [[31.600054466663295, 30.100166434923022], [31.600089740312722, 30.100167336990012], [31.600093890157186, 30.100170945332536], [31.600093890175945, 30.10019079123226], [31.600098040021535, 30.100194399574626], [31.600286857840793, 30.10019439929807], [31.600289970230335, 30.100197105550283], [31.600289970290884, 30.10021785353628], [31.600286857916338, 30.10022055980215], [31.60025262171163, 30.10022146195879], [31.600246396960074, 30.10022687448867], [31.60024120965565, 30.1002268744983], [31.60023809727948, 30.100229580763006]]}, "properties": {"layer": "path", "bed": "B003", "door": "D3-north", "walk_m": 33.74}}, {"type": "Feature", "geometry": {"type": "LineString", "coordinates": [[31.600059653916354, 30.100086149234826], [31.600022305377014, 30.10008434507375], [31.600016080619763, 30.100078932556478], [31.600004668567024, 30.10007893255736]]}, "properties": {"layer": "path", "bed": "B004", "door": "D4-west", "walk_m": 6.13}}, {"type": "Feature", "geometry": {"type": "LineString", "coordinates": [[31.600080403169635, 30.100166434909713], [31.600089740312722, 30.100167336990012], [31.600093890157186, 30.100170945332536], [31.600093890175945, 30.10019079123226], [31.600098040021535, 30.100194399574626], [31.600286857840793, 30.10019439929807], [31.600289970230335, 30.100197105550283], [31.600289970290884, 30.10021785353628], [31.600286857916338, 30.10022055980215], [31.60025262171163, 30.10022146195879], [31.600246396960074, 30.10022687448867], [31.60024120965565, 30.1002268744983], [31.60023809727948, 30.100229580763006]]}, "properties": {"layer": "path", "bed": "B005", "door": "D3-north", "walk_m": 31.24}}, {"type": "Feature", "geometry": {"type": "LineString", "coordinates": [[31.600085590401722, 30.100086149220488], [31.600022305377014, 30.10008434507375], [31.600016080619763, 30.100078932556478], [31.600004668567024, 30.10007893255736]]}, "properties": {"layer": "path", "bed": "B006", "door": "D4-west", "walk_m": 8.63}}, {"type": "Feature", "geometry": {"type": "LineString", "coordinates": [[31.600085590401722, 30.100086149220488], [31.600022305377014, 30.10008434507375], [31.600016080619763, 30.100078932556478], [31.600004668567024, 30.10007893255736]]}, "properties": {"layer": "path", "bed": "B007", "door": "D4-west", "walk_m": 8.63}}, {"type": "Feature", "geometry": {"type": "LineString", "coordinates": [[31.600111527007613, 30.100193497477527], [31.600286857840793, 30.10019439929807], [31.600289970230335, 30.100197105550283], [31.600289970290884, 30.10021785353628], [31.600286857916338, 30.10022055980215], [31.60025262171163, 30.10022146195879], [31.600246396960074, 30.10022687448867], [31.60024120965565, 30.1002268744983], [31.60023809727948, 30.100229580763006]]}, "properties": {"layer": "path", "bed": "B008", "door": "D3-north", "walk_m": 25.7}}, {"type": "Feature", "geometry": {"type": "LineString", "coordinates": [[31.600121901381616, 30.100004961418527], [31.60007210336975, 30.10000405936892]]}, "properties": {"layer": "path", "bed": "B009", "door": "D1-south", "walk_m": 5.34}}, {"type": "Feature", "geometry": {"type": "LineString", "coordinates": [[31.600142650552954, 30.10000496139763], [31.60007210336975, 30.10000405936892]]}, "properties": {"layer": "path", "bed": "B010", "door": "D1-south", "walk_m": 7.34}}, {"type": "Feature", "geometry": {"type": "LineString", "coordinates": [[31.600147837845785, 30.1000049613919], [31.60007210336975, 30.10000405936892]]}, "properties": {"layer": "path", "bed": "B011", "door": "D1-south", "walk_m": 7.84}}, {"type": "Feature", "geometry": {"type": "LineString", "coordinates": [[31.600153025263687, 30.100086149159264], [31.600039942187106, 30.100085247155935], [31.600022305377014, 30.10008434507375], [31.600016080619763, 30.100078932556478], [31.600004668567024, 30.10007893255736]]}, "properties": {"layer": "path", "bed": "B012", "door": "D4-west", "walk_m": 15.13}}, {"type": "Feature", "geometry": {"type": "LineString", "coordinates": [[31.60016858724676, 30.100140274321852], [31.600395790978812, 30.10013937174753], [31.600398903347855, 30.10013666547905], [31.60039890328628, 30.100121330010943], [31.600406165478933, 30.100115015384183], [31.60040616546049, 30.10011050495238], [31.600409277828355, 30.100107798683634]]}, "properties": {"layer": "path", "bed": "B013", "door": "D2-east", "walk_m": 26.48}}, {"type": "Feature", "geometry": {"type": "LineString", "coordinates": [[31.600173774309965, 30.100004961360163], [31.60007210336975, 30.10000405936892]]}, "properties": {"layer": "path", "bed": "B014", "door": "D1-south", "walk_m": 10.34}}, {"type": "Feature", "geometry": {"type": "LineString", "coordinates": [[31.600173774309965, 30.100004961360163], [31.60007210336975, 30.10000405936892]]}, "properties": {"layer": "path", "bed": "B015", "door": "D1-south", "walk_m": 10.34}}, {"type": "Feature", "geometry": {"type": "LineString", "coordinates": [[31.600173774451985, 30.10008614913346], [31.600039942187106, 30.100085247155935], [31.600022305377014, 30.10008434507375], [31.600016080619763, 30.100078932556478], [31.600004668567024, 30.10007893255736]]}, "properties": {"layer": "path", "bed": "B016", "door": "D4-west", "walk_m": 17.13}}, {"type": "Feature", "geometry": {"type": "LineString", "coordinates": [[31.60017377454666, 30.10014027431509], [31.600395790978812, 30.10013937174753], [31.600398903347855, 30.10013666547905], [31.60039890328628, 30.100121330010943], [31.600406165478933, 30.100115015384183], [31.60040616546049, 30.10011050495238], [31.600409277828355, 30.100107798683634]]}, "properties": {"layer": "path", "bed": "B017", "door": "D2-east", "walk_m": 25.98}}, {"type": "Feature", "geometry": {"type": "LineString", "coordinates": [[31.60021319795621, 30.100107799148105], [31.60021216051006, 30.10011411375431], [31.600202823385587, 30.100120428373582], [31.600202823418748, 30.100136665928034], [31.60020593580418, 30.10013937218227], [31.600395790978812, 30.10013937174753], [31.600398903347855, 30.10013666547905], [31.60039890328628, 30.100121330010943], [31.600406165478933, 30.100115015384183], [31.60040616546049, 30.10011050495238], [31.600409277828355, 30.100107798683634]]}, "properties": {"layer": "path", "bed": "B018", "door": "D2-east", "walk_m": 26.99}}, {"type": "Feature", "geometry": {"type": "LineString", "coordinates": [[31.60021527294588, 30.10014027425366], [31.600395790978812, 30.10013937174753], [31.600398903347855, 30.10013666547905], [31.60039890328628, 30.100121330010943], [31.600406165478933, 30.100115015384183], [31.60040616546049, 30.10011050495238], [31.600409277828355, 30.100107798683634]]}, "properties": {"layer": "path", "bed": "B019", "door": "D2-east", "walk_m": 21.98}}, {"type": "Feature", "geometry": {"type": "LineString", "coordinates": [[31.600220460243765, 30.100139372158708], [31.600395790978812, 30.10013937174753], [31.600398903347855, 30.10013666547905], [31.60039890328628, 30.100121330010943], [31.600406165478933, 30.100115015384183], [31.60040616546049, 30.10011050495238], [31.600409277828355, 30.100107798683634]]}, "properties": {"layer": "path", "bed": "B020", "door": "D2-east", "walk_m": 21.44}}, {"type": "Feature", "geometry": {"type": "LineString", "coordinates": [[31.600220460363897, 30.100193497339905], [31.600286857840793, 30.10019439929807], [31.600289970230335, 30.100197105550283], [31.600289970290884, 30.10021785353628], [31.600286857916338, 30.10022055980215], [31.60025262171163, 30.10022146195879], [31.600246396960074, 30.10022687448867], [31.60024120965565, 30.1002268744983], [31.60023809727948, 30.100229580763006]]}, "properties": {"layer": "path", "bed": "B021", "door": "D3-north", "walk_m": 15.2}}, {"type": "Feature", "geometry": {"type": "LineString", "coordinates": [[31.600227722628997, 30.100211539054484], [31.600238097257865, 30.100220559899558], [31.60023809727948, 30.100229580763006]]}, "properties": {"layer": "path", "bed": "B022", "door": "D3-north", "walk_m": 2.91}}, {"type": "Feature", "geometry": {"type": "LineString", "coordinates": [[31.600225647666573, 30.100193497331095], [31.600286857840793, 30.10019439929807], [31.600289970230335, 30.100197105550283], [31.600289970290884, 30.10021785353628], [31.600286857916338, 30.10022055980215], [31.60025262171163, 30.10022146195879], [31.600246396960074, 30.10022687448867], [31.60024120965565, 30.1002268744983], [31.60023809727948, 30.100229580763006]]}, "properties": {"layer": "path", "bed": "B023", "door": "D3-north", "walk_m": 14.7}}, {"type": "Feature", "geometry": {"type": "LineString", "coordinates": [[31.60023602214548, 30.100140274218028], [31.600395790978812, 30.10013937174753], [31.600398903347855, 30.10013666547905], [31.60039890328628, 30.100121330010943], [31.600406165478933, 30.100115015384183], [31.60040616546049, 30.10011050495238], [31.600409277828355, 30.100107798683634]]}, "properties": {"layer": "path", "bed": "B024", "door": "D2-east", "walk_m": 19.98}}, {"type": "Feature", "geometry": {"type": "LineString", "coordinates": [[31.60023913428654, 30.100041044712384], [31.600238096812465, 30.100034730109666], [31.60023394696845, 30.100031121771632], [31.600086627813152, 30.100031121951353], [31.600078328136735, 30.10002390526558], [31.600078328133193, 30.10001939483372], [31.600072103376945, 30.10001398231903], [31.60007210336975, 30.10000405936892]]}, "properties": {"layer": "path", "bed": "B025", "door": "D1-south", "walk_m": 19.59}}, {"type": "Feature", "geometry": {"type": "LineString", "coordinates": [[31.600246396877292, 30.100193497293823], [31.600286857840793, 30.10019439929807], [31.600289970230335, 30.100197105550283], [31.600289970290884, 30.10021785353628], [31.600286857916338, 30.10022055980215], [31.60025262171163, 30.10022146195879], [31.600246396960074, 30.10022687448867], [31.60024120965565, 30.1002268744983], [31.60023809727948, 30.100229580763006]]}, "properties": {"layer": "path", "bed": "B026", "door": "D3-north", "walk_m": 12.7}}, {"type": "Feature", "geometry": {"type": "LineString", "coordinates": [[31.600251584179965, 30.10019349728399], [31.600286857840793, 30.10019439929807], [31.600289970230335, 30.100197105550283], [31.600289970290884, 30.10021785353628], [31.600286857916338, 30.10022055980215], [31.60025262171163, 30.10022146195879], [31.600246396960074, 30.10022687448867], [31.60024120965565, 30.1002268744983], [31.60023809727948, 30.100229580763006]]}, "properties": {"layer": "path", "bed": "B027", "door": "D3-north", "walk_m": 12.2}}, {"type": "Feature", "geometry": {"type": "LineString", "coordinates": [[31.600261958359514, 30.100032023805145], [31.600086627813152, 30.100031121951353], [31.600078328136735, 30.10002390526558], [31.600078328133193, 30.10001939483372], [31.600072103376945, 30.10001398231903], [31.60007210336975, 30.10000405936892]]}, "properties": {"layer": "path", "bed": "B028", "door": "D1-south", "walk_m": 21.02}}, {"type": "Feature", "geometry": {"type": "LineString", "coordinates": [[31.600267146163212, 30.100221461930055], [31.60025262171163, 30.10022146195879], [31.600246396960074, 30.10022687448867], [31.60024120965565, 30.1002268744983], [31.60023809727948, 30.100229580763006]]}, "properties": {"layer": "path", "bed": "B029", "door": "D3-north", "walk_m": 3.67}}, {"type": "Feature", "geometry": {"type": "LineString", "coordinates": [[31.600272333244774, 30.100140274147776], [31.600395790978812, 30.10013937174753], [31.600398903347855, 30.10013666547905], [31.60039890328628, 30.100121330010943], [31.600406165478933, 30.100115015384183], [31.60040616546049, 30.10011050495238], [31.600409277828355, 30.100107798683634]]}, "properties": {"layer": "path", "bed": "B030", "door": "D2-east", "walk_m": 16.48}}, {"type": "Feature", "geometry": {"type": "LineString", "coordinates": [[31.600293082361876, 30.100112309426013], [31.600369854378787, 30.100112309232337], [31.600390603569, 30.100111407085922], [31.600394753393374, 30.10010779872808], [31.600409277828355, 30.100107798683634]]}, "properties": {"layer": "path", "bed": "B031", "door": "D2-east", "walk_m": 11.91}}, {"type": "Feature", "geometry": {"type": "LineString", "coordinates": [[31.600293082364537, 30.10011321151237], [31.600390603569, 30.100111407085922], [31.600394753393374, 30.10010779872808], [31.600409277828355, 30.100107798683634]]}, "properties": {"layer": "path", "bed": "B032", "door": "D2-east", "walk_m": 11.95}}, {"type": "Feature", "geometry": {"type": "LineString", "coordinates": [[31.60029100776225, 30.100221461879375], [31.60025262171163, 30.10022146195879], [31.600246396960074, 30.10022687448867], [31.60024120965565, 30.1002268744983], [31.60023809727948, 30.100229580763006]]}, "properties": {"layer": "path", "bed": "B033", "door": "D3-north", "walk_m": 5.97}}, {"type": "Feature", "geometry": {"type": "LineString", "coordinates": [[31.600291007680333, 30.100193497202593], [31.600289970290884, 30.10021785353628], [31.600286857916338, 30.10022055980215], [31.60025262171163, 30.10022146195879], [31.600246396960074, 30.10022687448867], [31.60024120965565, 30.1002268744983], [31.60023809727948, 30.100229580763006]]}, "properties": {"layer": "path", "bed": "B034", "door": "D3-north", "walk_m": 8.78}}, {"type": "Feature", "geometry": {"type": "LineString", "coordinates": [[31.600308644007747, 30.10003202370377], [31.600086627813152, 30.100031121951353], [31.600078328136735, 30.10002390526558], [31.600078328133193, 30.10001939483372], [31.600072103376945, 30.10001398231903], [31.60007210336975, 30.10000405936892]]}, "properties": {"layer": "path", "bed": "B035", "door": "D1-south", "walk_m": 25.52}}, {"type": "Feature", "geometry": {"type": "LineString", "coordinates": [[31.600319018854076, 30.100112309365596], [31.600390603569, 30.100111407085922], [31.600394753393374, 30.10010779872808], [31.600409277828355, 30.100107798683634]]}, "properties": {"layer": "path", "bed": "B036", "door": "D2-east", "walk_m": 9.41}}, {"type": "Feature", "geometry": {"type": "LineString", "coordinates": [[31.600316944282955, 30.100221461819363], [31.60031279442544, 30.100216951397577], [31.60029412013138, 30.100216951440707], [31.600289970298792, 30.100220559795318], [31.60025262171163, 30.10022146195879], [31.600246396960074, 30.10022687448867], [31.60024120965565, 30.1002268744983], [31.60023809727948, 30.100229580763006]]}, "properties": {"layer": "path", "bed": "B037", "door": "D3-north", "walk_m": 8.95}}, {"type": "Feature", "geometry": {"type": "LineString", "coordinates": [[31.600339768390313, 30.10021244089886], [31.600325243940038, 30.10021244093561], [31.600320056650908, 30.10021695138009], [31.60029412013138, 30.100216951440707], [31.600289970298792, 30.100220559795318], [31.60025262171163, 30.10022146195879], [31.600246396960074, 30.10022687448867], [31.60024120965565, 30.1002268744983], [31.60023809727948, 30.100229580763006]]}, "properties": {"layer": "path", "bed": "B038", "door": "D3-north", "walk_m": 11.09}}, {"type": "Feature", "geometry": {"type": "LineString", "coordinates": [[31.600355329655972, 30.100032023585808], [31.600086627813152, 30.100031121951353], [31.600078328136735, 30.10002390526558], [31.600078328133193, 30.10001939483372], [31.600072103376945, 30.10001398231903], [31.60007210336975, 30.10000405936892]]}, "properties": {"layer": "path", "bed": "B039", "door": "D1-south", "walk_m": 30.02}}, {"type": "Feature", "geometry": {"type": "LineString", "coordinates": [[31.60035325531249, 30.10019349704998], [31.60034703057133, 30.100199811671004], [31.600347030602837, 30.100208832534495], [31.60034288077252, 30.10021244089077], [31.600325243940038, 30.10021244093561], [31.600320056650908, 30.10021695138009], [31.60029412013138, 30.100216951440707], [31.600289970298792, 30.100220559795318], [31.60025262171163, 30.10022146195879], [31.600246396960074, 30.10022687448867], [31.60024120965565, 30.1002268744983], [31.60023809727948, 30.100229580763006]]}, "properties": {"layer": "path", "bed": "B040", "door": "D3-north", "walk_m": 13.9}}, {"type": "Feature", "geometry": {"type": "LineString", "coordinates": [[31.60036051694695, 30.100031121485305], [31.600086627813152, 30.100031121951353], [31.600078328136735, 30.10002390526558], [31.600078328133193, 30.10001939483372], [31.600072103376945, 30.10001398231903], [31.60007210336975, 30.10000405936892]]}, "properties": {"layer": "path", "bed": "B041", "door": "D1-south", "walk_m": 30.48}}, {"type": "Feature", "geometry": {"type": "LineString", "coordinates": [[31.600370891942884, 30.100140273906536], [31.600395790978812, 30.10013937174753], [31.600398903347855, 30.10013666547905], [31.60039890328628, 30.100121330010943], [31.600406165478933, 30.100115015384183], [31.60040616546049, 30.10011050495238], [31.600409277828355, 30.100107798683634]]}, "properties": {"layer": "path", "bed": "B042", "door": "D2-east", "walk_m": 6.98}}, {"type": "Feature", "geometry": {"type": "LineString", "coordinates": [[31.600370891942884, 30.100140273906536], [31.600395790978812, 30.10013937174753], [31.600398903347855, 30.10013666547905], [31.60039890328628, 30.100121330010943], [31.600406165478933, 30.100115015384183], [31.60040616546049, 30.10011050495238], [31.600409277828355, 30.100107798683634]]}, "properties": {"layer": "path", "bed": "B043", "door": "D2-east", "walk_m": 6.98}}, {"type": "Feature", "geometry": {"type": "LineString", "coordinates": [[31.600370892043927, 30.100167336497186], [31.600330431090672, 30.10016643451882], [31.600327318701, 30.100163728267546], [31.60032731863264, 30.10014298028138], [31.600331468460627, 30.10013937192554], [31.600395790978812, 30.10013937174753], [31.600398903347855, 30.10013666547905], [31.60039890328628, 30.100121330010943], [31.600406165478933, 30.100115015384183], [31.60040616546049, 30.10011050495238], [31.600409277828355, 30.100107798683634]]}, "properties": {"layer": "path", "bed": "B044", "door": "D2-east", "walk_m": 17.97}}, {"type": "Feature", "geometry": {"type": "LineString", "coordinates": [[31.600394753267913, 30.100076225705347], [31.600377116463047, 30.10007712784352], [31.600374004095265, 30.10007983411152], [31.600374004139432, 30.100091561234255], [31.600386453695197, 30.100102386234582], [31.600391640993113, 30.10010238621922], [31.6003978657723, 30.100107798718696], [31.600409277828355, 30.100107798683634]]}, "properties": {"layer": "path", "bed": "B045", "door": "D2-east", "walk_m": 8.11}}, {"type": "Feature", "geometry": {"type": "LineString", "coordinates": [[31.600396828276622, 30.100098777858204], [31.600409277828355, 30.100107798683634]]}, "properties": {"layer": "path", "bed": "B046", "door": "D2-east", "walk_m": 2.11}}, {"type": "Feature", "geometry": {"type": "LineString", "coordinates": [[31.600015043154002, 30.100036534497278], [31.600020230447385, 30.10003112197836], [31.600058616424466, 30.100031121966843], [31.600065878632165, 30.100024807358785], [31.60006587862857, 30.10001939484055], [31.600072103376945, 30.10001398231903], [31.60007210336975, 30.10000405936892]]}, "properties": {"layer": "path", "bed": "B047", "door": "D1-south", "walk_m": 8.55}}, {"type": "Feature", "geometry": {"type": "LineString", "coordinates": [[31.60007210344897, 30.100113211819465], [31.600110489456778, 30.100112309706425], [31.600113601832746, 30.10010960344469], [31.600113601809017, 30.10008885545835], [31.600109451967263, 30.100085247116418], [31.600022305377014, 30.10008434507375], [31.600016080619763, 30.100078932556478], [31.600004668567024, 30.10007893255736]]}, "properties": {"layer": "path", "bed": "B048", "door": "D4-west", "walk_m": 17.92}}, {"type": "Feature", "geometry": {"type": "LineString", "coordinates": [[31.600149912967126, 30.100140274344486], [31.600395790978812, 30.10013937174753], [31.600398903347855, 30.10013666547905], [31.60039890328628, 30.100121330010943], [31.600406165478933, 30.100115015384183], [31.60040616546049, 30.10011050495238], [31.600409277828355, 30.100107798683634]]}, "properties": {"layer": "path", "bed": "B049", "door": "D2-east", "walk_m": 28.28}}, {"type": "Feature", "geometry": {"type": "LineString", "coordinates": [[31.600161324895055, 30.100059086558346], [31.600034754880934, 30.100059086652788], [31.600030605045507, 30.100062694999284], [31.600030605047454, 30.10006900960386], [31.600025417752434, 30.100073520036805], [31.600022305374583, 30.100073520037363], [31.600016080619763, 30.100078932556478], [31.600004668567024, 30.10007893255736]]}, "properties": {"layer": "path", "bed": "B050", "door": "D4-west", "walk_m": 16.92}}, {"type": "Feature", "geometry": {"type": "LineString", "coordinates": [[31.60016651228144, 30.100113211733735], [31.600117751674595, 30.100112309700123], [31.600113601831715, 30.100108701358334], [31.600113601809017, 30.10008885545835], [31.600109451967263, 30.100085247116418], [31.600022305377014, 30.10008434507375], [31.600016080619763, 30.100078932556478], [31.600004668567024, 30.10007893255736]]}, "properties": {"layer": "path", "bed": "B051", "door": "D4-west", "walk_m": 18.96}}, {"type": "Feature", "geometry": {"type": "LineString", "coordinates": [[31.600197635937764, 30.1000455552132], [31.600196598457348, 30.100034730178308], [31.60019244861484, 30.100031121838963], [31.600086627813152, 30.100031121951353], [31.600078328136735, 30.10002390526558], [31.600078328133193, 30.10001939483372], [31.600072103376945, 30.10001398231903], [31.60007210336975, 30.10000405936892]]}, "properties": {"layer": "path", "bed": "B052", "door": "D1-south", "walk_m": 16.09}}, {"type": "Feature", "geometry": {"type": "LineString", "coordinates": [[31.6002131979717, 30.100115015839005], [31.60021008559827, 30.1001177221031], [31.6002059357593, 30.10011772210967], [31.600202823385587, 30.100120428373582], [31.600202823418748, 30.100136665928034], [31.60020593580418, 30.10013937218227], [31.600395790978812, 30.10013937174753], [31.600398903347855, 30.10013666547905], [31.60039890328628, 30.100121330010943], [31.600406165478933, 30.100115015384183], [31.60040616546049, 30.10011050495238], [31.600409277828355, 30.100107798683634]]}, "properties": {"layer": "path", "bed": "B053", "door": "D2-east", "walk_m": 26.31}}, {"type": "Feature", "geometry": {"type": "LineString", "coordinates": [[31.600348068076187, 30.100212440877137], [31.600325243940038, 30.10021244093561], [31.600320056650908, 30.10021695138009], [31.60029412013138, 30.100216951440707], [31.600289970298792, 30.100220559795318], [31.60025262171163, 30.10022146195879], [31.600246396960074, 30.10022687448867], [31.60024120965565, 30.1002268744983], [31.60023809727948, 30.100229580763006]]}, "properties": {"layer": "path", "bed": "B054", "door": "D3-north", "walk_m": 11.89}}, {"type": "Feature", "geometry": {"type": "LineString", "coordinates": [[31.6003729666935, 30.10009516958265], [31.60037504161252, 30.100095169576747], [31.60038334131644, 30.100102386243705], [31.600391640993113, 30.10010238621922], [31.6003978657723, 30.100107798718696], [31.600409277828355, 30.100107798683634]]}, "properties": {"layer": "path", "bed": "B055", "door": "D2-east", "walk_m": 4.58}}, {"type": "Feature", "geometry": {"type": "LineString", "coordinates": [[31.600358442634693, 30.10019890955402], [31.600351180410552, 30.100198909573628], [31.60034806803825, 30.10020161584096], [31.600347030602837, 30.100208832534495], [31.60034288077252, 30.10021244089077], [31.600325243940038, 30.10021244093561], [31.600320056650908, 30.10021695138009], [31.60029412013138, 30.100216951440707], [31.600289970298792, 30.100220559795318], [31.60025262171163, 30.10022146195879], [31.600246396960074, 30.10022687448867], [31.60024120965565, 30.1002268744983], [31.60023809727948, 30.100229580763006]]}, "properties": {"layer": "path", "bed": "B056", "door": "D3-north", "walk_m": 13.92}}, {"type": "Feature", "geometry": {"type": "LineString", "coordinates": [[31.600368816621025, 30.100032023548646], [31.600086627813152, 30.100031121951353], [31.600078328136735, 30.10002390526558], [31.600078328133193, 30.10001939483372], [31.600072103376945, 30.10001398231903], [31.60007210336975, 30.10000405936892]]}, "properties": {"layer": "path", "bed": "B057", "door": "D1-south", "walk_m": 31.32}}, {"type": "Feature", "geometry": {"type": "LineString", "coordinates": [[31.600379191726034, 30.100167336473497], [31.600330431090672, 30.10016643451882], [31.600327318701, 30.100163728267546], [31.60032731863264, 30.10014298028138], [31.600331468460627, 30.10013937192554], [31.600395790978812, 30.10013937174753], [31.600398903347855, 30.10013666547905], [31.60039890328628, 30.100121330010943], [31.600406165478933, 30.100115015384183], [31.60040616546049, 30.10011050495238], [31.600409277828355, 30.100107798683634]]}, "properties": {"layer": "path", "bed": "B058", "door": "D2-east", "walk_m": 18.77}}, {"type": "Feature", "geometry": {"type": "LineString", "coordinates": [[31.600399940793274, 30.10013305713046], [31.60039994074242, 30.100120427921432], [31.600406165478933, 30.100115015384183], [31.60040616546049, 30.10011050495238], [31.600409277828355, 30.100107798683634]]}, "properties": {"layer": "path", "bed": "B059", "door": "D2-east", "walk_m": 3.67}}, {"type": "Feature", "geometry": {"type": "LineString", "coordinates": [[31.60001504314922, 30.100004961474212], [31.60007210336975, 30.10000405936892]]}, "properties": {"layer": "path", "bed": "B060", "door": "D1-south", "walk_m": 6.04}}, {"type": "Feature", "geometry": {"type": "LineString", "coordinates": [[31.60001504314922, 30.100004961474212], [31.60007210336975, 30.10000405936892]]}, "properties": {"layer": "path", "bed": "B061", "door": "D1-south", "walk_m": 6.04}}, {"type": "Feature", "geometry": {"type": "LineString", "coordinates": [[31.60003060504412, 30.100058184567448], [31.600030605047454, 30.10006900960386], [31.600025417752434, 30.100073520036805], [31.600022305374583, 30.100073520037363], [31.600016080619763, 30.100078932556478], [31.600004668567024, 30.10007893255736]]}, "properties": {"layer": "path", "bed": "B062", "door": "D4-west", "walk_m": 4.66}}, {"type": "Feature", "geometry": {"type": "LineString", "coordinates": [[31.60003060504412, 30.100058184567448], [31.600030605047454, 30.10006900960386], [31.600025417752434, 30.100073520036805], [31.600022305374583, 30.100073520037363], [31.600016080619763, 30.100078932556478], [31.600004668567024, 30.10007893255736]]}, "properties": {"layer": "path", "bed": "B063", "door": "D4-west", "walk_m": 4.66}}, {"type": "Feature", "geometry": {"type": "LineString", "coordinates": [[31.600035792320558, 30.100004961470198], [31.60007210336975, 30.10000405936892]]}, "properties": {"layer": "path", "bed": "B064", "door": "D1-south", "walk_m": 4.04}}, {"type": "Feature", "geometry": {"type": "LineString", "coordinates": [[31.600035792320558, 30.100004961470198], [31.60007210336975, 30.10000405936892]]}, "properties": {"layer": "path", "bed": "B065", "door": "D1-south", "walk_m": 4.04}}, {"type": "Feature", "geometry": {"type": "LineString", "coordinates": [[31.60003579234981, 30.10008614924349], [31.60003371743037, 30.100084345071327], [31.600022305377014, 30.10008434507375], [31.600016080619763, 30.100078932556478], [31.600004668567024, 30.10007893255736]]}, "properties": {"layer": "path", "bed": "B066", "door": "D4-west", "walk_m": 3.83}}, {"type": "Feature", "geometry": {"type": "LineString", "coordinates": [[31.600046166983788, 30.100171847444322], [31.600050316822742, 30.10016733701103], [31.600089740312722, 30.100167336990012], [31.600093890157186, 30.100170945332536], [31.600093890175945, 30.10019079123226], [31.600098040021535, 30.100194399574626], [31.600286857840793, 30.10019439929807], [31.600289970230335, 30.100197105550283], [31.600289970290884, 30.10021785353628], [31.600286857916338, 30.10022055980215], [31.60025262171163, 30.10022146195879], [31.600246396960074, 30.10022687448867], [31.60024120965565, 30.1002268744983], [31.60023809727948, 30.100229580763006]]}, "properties": {"layer": "path", "bed": "B067", "door": "D3-north", "walk_m": 34.76}}, {"type": "Feature", "geometry": {"type": "LineString", "coordinates": [[31.60005135422658, 30.10005818456098], [31.600034754880934, 30.100059086652788], [31.600030605045507, 30.100062694999284], [31.600030605047454, 30.10006900960386], [31.600025417752434, 30.100073520036805], [31.600022305374583, 30.100073520037363], [31.600016080619763, 30.100078932556478], [31.600004668567024, 30.10007893255736]]}, "properties": {"layer": "path", "bed": "B068", "door": "D4-west", "walk_m": 6.36}}, {"type": "Feature", "geometry": {"type": "LineString", "coordinates": [[31.60005135422658, 30.10005818456098], [31.600034754880934, 30.100059086652788], [31.600030605045507, 30.100062694999284], [31.600030605047454, 30.10006900960386], [31.600025417752434, 30.100073520036805], [31.600022305374583, 30.100073520037363], [31.600016080619763, 30.100078932556478], [31.600004668567024, 30.10007893255736]]}, "properties": {"layer": "path", "bed": "B069", "door": "D4-west", "walk_m": 6.36}}, {"type": "Feature", "geometry": {"type": "LineString", "coordinates": [[31.600051354240573, 30.10008524715197], [31.600022305377014, 30.10008434507375], [31.600016080619763, 30.100078932556478], [31.600004668567024, 30.10007893255736]]}, "properties": {"layer": "path", "bed": "B070", "door": "D4-west", "walk_m": 5.29}}, {"type": "Feature", "geometry": {"type": "LineString", "coordinates": [[31.600051354240573, 30.10008524715197], [31.600022305377014, 30.10008434507375], [31.600016080619763, 30.100078932556478], [31.600004668567024, 30.10007893255736]]}, "properties": {"layer": "path", "bed": "B071", "door": "D4-west", "walk_m": 5.29}}, {"type": "Feature", "geometry": {"type": "LineString", "coordinates": [[31.600072103503976, 30.100188987073324], [31.600077290810624, 30.100194399588467], [31.600286857840793, 30.10019439929807], [31.600289970230335, 30.100197105550283], [31.600289970290884, 30.10021785353628], [31.600286857916338, 30.10022055980215], [31.60025262171163, 30.10022146195879], [31.600246396960074, 30.10022687448867], [31.60024120965565, 30.1002268744983], [31.60023809727948, 30.100229580763006]]}, "properties": {"layer": "path", "bed": "B072", "door": "D3-north", "walk_m": 29.77}}, {"type": "Feature", "geometry": {"type": "LineString", "coordinates": [[31.600072103409037, 30.100058184551227], [31.600034754880934, 30.100059086652788], [31.600030605045507, 30.100062694999284], [31.600030605047454, 30.10006900960386], [31.600025417752434, 30.100073520036805], [31.600022305374583, 30.100073520037363], [31.600016080619763, 30.100078932556478], [31.600004668567024, 30.10007893255736]]}, "properties": {"layer": "path", "bed": "B073", "door": "D4-west", "walk_m": 8.36}}, {"type": "Feature", "geometry": {"type": "LineString", "coordinates": [[31.60007210339004, 30.1000320240465], [31.60007210336975, 30.10000405936892]]}, "properties": {"layer": "path", "bed": "B074", "door": "D1-south", "walk_m": 3.6}}, {"type": "Feature", "geometry": {"type": "LineString", "coordinates": [[31.600072103428673, 30.100085247142218], [31.600022305377014, 30.10008434507375], [31.600016080619763, 30.100078932556478], [31.600004668567024, 30.10007893255736]]}, "properties": {"layer": "path", "bed": "B075", "door": "D4-west", "walk_m": 7.29}}, {"type": "Feature", "geometry": {"type": "LineString", "coordinates": [[31.600072103428673, 30.100085247142218], [31.600022305377014, 30.10008434507375], [31.600016080619763, 30.100078932556478], [31.600004668567024, 30.10007893255736]]}, "properties": {"layer": "path", "bed": "B076", "door": "D4-west", "walk_m": 7.29}}, {"type": "Feature", "geometry": {"type": "LineString", "coordinates": [[31.60007729074746, 30.100113211816513], [31.600110489456778, 30.100112309706425], [31.600113601832746, 30.10010960344469], [31.600113601809017, 30.10008885545835], [31.600109451967263, 30.100085247116418], [31.600022305377014, 30.10008434507375], [31.600016080619763, 30.100078932556478], [31.600004668567024, 30.10007893255736]]}, "properties": {"layer": "path", "bed": "B077", "door": "D4-west", "walk_m": 17.42}}, {"type": "Feature", "geometry": {"type": "LineString", "coordinates": [[31.600092852567034, 30.10003202403347], [31.600086627813152, 30.100031121951353], [31.600078328136735, 30.10002390526558], [31.600078328133193, 30.10001939483372], [31.600072103376945, 30.10001398231903], [31.60007210336975, 30.10000405936892]]}, "properties": {"layer": "path", "bed": "B078", "door": "D1-south", "walk_m": 4.72}}, {"type": "Feature", "geometry": {"type": "LineString", "coordinates": [[31.600092852567034, 30.10003202403347], [31.600086627813152, 30.100031121951353], [31.600078328136735, 30.10002390526558], [31.600078328133193, 30.10001939483372], [31.600072103376945, 30.10001398231903], [31.60007210336975, 30.10000405936892]]}, "properties": {"layer": "path", "bed": "B079", "door": "D1-south", "walk_m": 4.72}}, {"type": "Feature", "geometry": {"type": "LineString", "coordinates": [[31.600092852616783, 30.100085247129204], [31.600022305377014, 30.10008434507375], [31.600016080619763, 30.100078932556478], [31.600004668567024, 30.10007893255736]]}, "properties": {"layer": "path", "bed": "B080", "door": "D4-west", "walk_m": 9.29}}, {"type": "Feature", "geometry": {"type": "LineString", "coordinates": [[31.600092852616783, 30.100085247129204], [31.600022305377014, 30.10008434507375], [31.600016080619763, 30.100078932556478], [31.600004668567024, 30.10007893255736]]}, "properties": {"layer": "path", "bed": "B081", "door": "D4-west", "walk_m": 9.29}}, {"type": "Feature", "geometry": {"type": "LineString", "coordinates": [[31.600098039834577, 30.100004961438497], [31.60007210336975, 30.10000405936892]]}, "properties": {"layer": "path", "bed": "B082", "door": "D1-south", "walk_m": 3.04}}, {"type": "Feature", "geometry": {"type": "LineString", "coordinates": [[31.600098039834577, 30.100004961438497], [31.60007210336975, 30.10000405936892]]}, "properties": {"layer": "path", "bed": "B083", "door": "D1-south", "walk_m": 3.04}}, {"type": "Feature", "geometry": {"type": "LineString", "coordinates": [[31.600098039941404, 30.100113211802665], [31.600110489456778, 30.100112309706425], [31.600113601832746, 30.10010960344469], [31.600113601809017, 30.10008885545835], [31.600109451967263, 30.100085247116418], [31.600022305377014, 30.10008434507375], [31.600016080619763, 30.100078932556478], [31.600004668567024, 30.10007893255736]]}, "properties": {"layer": "path", "bed": "B084", "door": "D4-west", "walk_m": 15.42}}, {"type": "Feature", "geometry": {"type": "LineString", "coordinates": [[31.600113601744027, 30.100032024017175], [31.600086627813152, 30.100031121951353], [31.600078328136735, 30.10002390526558], [31.600078328133193, 30.10001939483372], [31.600072103376945, 30.10001398231903], [31.60007210336975, 30.10000405936892]]}, "properties": {"layer": "path", "bed": "B085", "door": "D1-south", "walk_m": 6.72}}, {"type": "Feature", "geometry": {"type": "LineString", "coordinates": [[31.600113601744027, 30.100032024017175], [31.600086627813152, 30.100031121951353], [31.600078328136735, 30.10002390526558], [31.600078328133193, 30.10001939483372], [31.600072103376945, 30.10001398231903], [31.60007210336975, 30.10000405936892]]}, "properties": {"layer": "path", "bed": "B086", "door": "D1-south", "walk_m": 6.72}}, {"type": "Feature", "geometry": {"type": "LineString", "coordinates": [[31.600113601804896, 30.100085247112894], [31.600022305377014, 30.10008434507375], [31.600016080619763, 30.100078932556478], [31.600004668567024, 30.10007893255736]]}, "properties": {"layer": "path", "bed": "B087", "door": "D4-west", "walk_m": 11.29}}, {"type": "Feature", "geometry": {"type": "LineString", "coordinates": [[31.600113601804896, 30.100085247112894], [31.600022305377014, 30.10008434507375], [31.600016080619763, 30.100078932556478], [31.600004668567024, 30.10007893255736]]}, "properties": {"layer": "path", "bed": "B088", "door": "D4-west", "walk_m": 11.29}}, {"type": "Feature", "geometry": {"type": "LineString", "coordinates": [[31.600118789005915, 30.100004961421373], [31.60007210336975, 30.10000405936892]]}, "properties": {"layer": "path", "bed": "B089", "door": "D1-south", "walk_m": 5.04}}, {"type": "Feature", "geometry": {"type": "LineString", "coordinates": [[31.600118789135358, 30.100113211785548], [31.600113601831715, 30.100108701358334], [31.600113601809017, 30.10008885545835], [31.600109451967263, 30.100085247116418], [31.600022305377014, 30.10008434507375], [31.600016080619763, 30.100078932556478], [31.600004668567024, 30.10007893255736]]}, "properties": {"layer": "path", "bed": "B090", "door": "D4-west", "walk_m": 14.36}}, {"type": "Feature", "geometry": {"type": "LineString", "coordinates": [[31.600129163697147, 30.10008614918488], [31.600022305377014, 30.10008434507375], [31.600016080619763, 30.100078932556478], [31.600004668567024, 30.10007893255736]]}, "properties": {"layer": "path", "bed": "B091", "door": "D4-west", "walk_m": 12.83}}, {"type": "Feature", "geometry": {"type": "LineString", "coordinates": [[31.600129163697147, 30.10008614918488], [31.600022305377014, 30.10008434507375], [31.600016080619763, 30.100078932556478], [31.600004668567024, 30.10007893255736]]}, "properties": {"layer": "path", "bed": "B092", "door": "D4-west", "walk_m": 12.83}}, {"type": "Feature", "geometry": {"type": "LineString", "coordinates": [[31.600134350921014, 30.10003202399759], [31.600086627813152, 30.100031121951353], [31.600078328136735, 30.10002390526558], [31.600078328133193, 30.10001939483372], [31.600072103376945, 30.10001398231903], [31.60007210336975, 30.10000405936892]]}, "properties": {"layer": "path", "bed": "B093", "door": "D1-south", "walk_m": 8.72}}, {"type": "Feature", "geometry": {"type": "LineString", "coordinates": [[31.600134350921014, 30.10003202399759], [31.600086627813152, 30.100031121951353], [31.600078328136735, 30.10002390526558], [31.600078328133193, 30.10001939483372], [31.600072103376945, 30.10001398231903], [31.60007210336975, 30.10000405936892]]}, "properties": {"layer": "path", "bed": "B094", "door": "D1-south", "walk_m": 8.72}}, {"type": "Feature", "geometry": {"type": "LineString", "coordinates": [[31.600134350993002, 30.100085247093322], [31.600039942187106, 30.100085247155935], [31.600022305377014, 30.10008434507375], [31.600016080619763, 30.100078932556478], [31.600004668567024, 30.10007893255736]]}, "properties": {"layer": "path", "bed": "B095", "door": "D4-west", "walk_m": 13.29}}, {"type": "Feature", "geometry": {"type": "LineString", "coordinates": [[31.600134350993002, 30.100085247093322], [31.600039942187106, 30.100085247155935], [31.600022305377014, 30.10008434507375], [31.600016080619763, 30.100078932556478], [31.600004668567024, 30.10007893255736]]}, "properties": {"layer": "path", "bed": "B096", "door": "D4-west", "walk_m": 13.29}}, {"type": "Feature", "geometry": {"type": "LineString", "coordinates": [[31.60013435113941, 30.100193497456168], [31.600286857840793, 30.10019439929807], [31.600289970230335, 30.100197105550283], [31.600289970290884, 30.10021785353628], [31.600286857916338, 30.10022055980215], [31.60025262171163, 30.10022146195879], [31.600246396960074, 30.10022687448867], [31.60024120965565, 30.1002268744983], [31.60023809727948, 30.100229580763006]]}, "properties": {"layer": "path", "bed": "B097", "door": "D3-north", "walk_m": 23.5}}, {"type": "Feature", "geometry": {"type": "LineString", "coordinates": [[31.6001395383293, 30.100113211765148], [31.600117751674595, 30.100112309700123], [31.600113601831715, 30.100108701358334], [31.600113601809017, 30.10008885545835], [31.600109451967263, 30.100085247116418], [31.600022305377014, 30.10008434507375], [31.600016080619763, 30.100078932556478], [31.600004668567024, 30.10007893255736]]}, "properties": {"layer": "path", "bed": "B098", "door": "D4-west", "walk_m": 16.36}}, {"type": "Feature", "geometry": {"type": "LineString", "coordinates": [[31.60014991288545, 30.10008614916285], [31.600039942187106, 30.100085247155935], [31.600022305377014, 30.10008434507375], [31.600016080619763, 30.100078932556478], [31.600004668567024, 30.10007893255736]]}, "properties": {"layer": "path", "bed": "B099", "door": "D4-west", "walk_m": 14.83}}, {"type": "Feature", "geometry": {"type": "LineString", "coordinates": [[31.600155100098007, 30.100032023974737], [31.600086627813152, 30.100031121951353], [31.600078328136735, 30.10002390526558], [31.600078328133193, 30.10001939483372], [31.600072103376945, 30.10001398231903], [31.60007210336975, 30.10000405936892]]}, "properties": {"layer": "path", "bed": "B100", "door": "D1-south", "walk_m": 10.72}}, {"type": "Feature", "geometry": {"type": "LineString", "coordinates": [[31.600155100098007, 30.100032023974737], [31.600086627813152, 30.100031121951353], [31.600078328136735, 30.10002390526558], [31.600078328133193, 30.10001939483372], [31.600072103376945, 30.10001398231903], [31.60007210336975, 30.10000405936892]]}, "properties": {"layer": "path", "bed": "B101", "door": "D1-south", "walk_m": 10.72}}, {"type": "Feature", "geometry": {"type": "LineString", "coordinates": [[31.60015510018111, 30.10008524707046], [31.600039942187106, 30.100085247155935], [31.600022305377014, 30.10008434507375], [31.600016080619763, 30.100078932556478], [31.600004668567024, 30.10007893255736]]}, "properties": {"layer": "path", "bed": "B102", "door": "D4-west", "walk_m": 15.29}}, {"type": "Feature", "geometry": {"type": "LineString", "coordinates": [[31.60015510018111, 30.10008524707046], [31.600039942187106, 30.100085247155935], [31.600022305377014, 30.10008434507375], [31.600016080619763, 30.100078932556478], [31.600004668567024, 30.10007893255736]]}, "properties": {"layer": "path", "bed": "B103", "door": "D4-west", "walk_m": 15.29}}, {"type": "Feature", "geometry": {"type": "LineString", "coordinates": [[31.60015510022477, 30.100113211747704], [31.600117751674595, 30.100112309700123], [31.600113601831715, 30.100108701358334], [31.600113601809017, 30.10008885545835], [31.600109451967263, 30.100085247116418], [31.600022305377014, 30.10008434507375], [31.600016080619763, 30.100078932556478], [31.600004668567024, 30.10007893255736]]}, "properties": {"layer": "path", "bed": "B104", "door": "D4-west", "walk_m": 17.86}}, {"type": "Feature", "geometry": {"type": "LineString", "coordinates": [[31.600170662220965, 30.100171847341592], [31.60018829904452, 30.10017094523114], [31.600193486337247, 30.10016643479185], [31.600292045061302, 30.100166434609744], [31.60029619489156, 30.100162826255037], [31.60029619483239, 30.100142980355226], [31.600300344661512, 30.10013937200038], [31.600395790978812, 30.10013937174753], [31.600398903347855, 30.10013666547905], [31.60039890328628, 30.100121330010943], [31.600406165478933, 30.100115015384183], [31.60040616546049, 30.10011050495238], [31.600409277828355, 30.100107798683634]]}, "properties": {"layer": "path", "bed": "B105", "door": "D2-east", "walk_m": 29.02}}, {"type": "Feature", "geometry": {"type": "LineString", "coordinates": [[31.600155100392378, 30.100220560023743], [31.60022461026927, 30.100221462009657], [31.60023083504681, 30.100226874516938], [31.600234984890342, 30.100226874509573], [31.60023809727948, 30.100229580763006]]}, "properties": {"layer": "path", "bed": "B106", "door": "D3-north", "walk_m": 8.91}}, {"type": "Feature", "geometry": {"type": "LineString", "coordinates": [[31.600155100392378, 30.100220560023743], [31.60022461026927, 30.100221462009657], [31.60023083504681, 30.100226874516938], [31.600234984890342, 30.100226874509573], [31.60023809727948, 30.100229580763006]]}, "properties": {"layer": "path", "bed": "B107", "door": "D3-north", "walk_m": 8.91}}, {"type": "Feature", "geometry": {"type": "LineString", "coordinates": [[31.600155100393792, 30.100221462110092], [31.60022461026927, 30.100221462009657], [31.60023083504681, 30.100226874516938], [31.600234984890342, 30.100226874509573], [31.60023809727948, 30.100229580763006]]}, "properties": {"layer": "path", "bed": "B108", "door": "D3-north", "walk_m": 8.87}}, {"type": "Feature", "geometry": {"type": "LineString", "coordinates": [[31.600160287565473, 30.100139372245888], [31.600395790978812, 30.10013937174753], [31.600398903347855, 30.10013666547905], [31.60039890328628, 30.100121330010943], [31.600406165478933, 30.100115015384183], [31.60040616546049, 30.10011050495238], [31.600409277828355, 30.100107798683634]]}, "properties": {"layer": "path", "bed": "B109", "door": "D2-east", "walk_m": 27.24}}, {"type": "Feature", "geometry": {"type": "LineString", "coordinates": [[31.600175849275004, 30.100032023948607], [31.600086627813152, 30.100031121951353], [31.600078328136735, 30.10002390526558], [31.600078328133193, 30.10001939483372], [31.600072103376945, 30.10001398231903], [31.60007210336975, 30.10000405936892]]}, "properties": {"layer": "path", "bed": "B110", "door": "D1-south", "walk_m": 12.72}}, {"type": "Feature", "geometry": {"type": "LineString", "coordinates": [[31.600161324895055, 30.100059086558346], [31.600034754880934, 30.100059086652788], [31.600030605045507, 30.100062694999284], [31.600030605047454, 30.10006900960386], [31.600025417752434, 30.100073520036805], [31.600022305374583, 30.100073520037363], [31.600016080619763, 30.100078932556478], [31.600004668567024, 30.10007893255736]]}, "properties": {"layer": "path", "bed": "B111", "door": "D4-west", "walk_m": 16.92}}, {"type": "Feature", "geometry": {"type": "LineString", "coordinates": [[31.600175849465035, 30.100139372225975], [31.600395790978812, 30.10013937174753], [31.600398903347855, 30.10013666547905], [31.60039890328628, 30.100121330010943], [31.600406165478933, 30.100115015384183], [31.60040616546049, 30.10011050495238], [31.600409277828355, 30.100107798683634]]}, "properties": {"layer": "path", "bed": "B112", "door": "D2-east", "walk_m": 25.74}}, {"type": "Feature", "geometry": {"type": "LineString", "coordinates": [[31.600175849522515, 30.10017184733476], [31.60018829904452, 30.10017094523114], [31.600193486337247, 30.10016643479185], [31.600292045061302, 30.100166434609744], [31.60029619489156, 30.100162826255037], [31.60029619483239, 30.100142980355226], [31.600300344661512, 30.10013937200038], [31.600395790978812, 30.10013937174753], [31.600398903347855, 30.10013666547905], [31.60039890328628, 30.100121330010943], [31.600406165478933, 30.100115015384183], [31.60040616546049, 30.10011050495238], [31.600409277828355, 30.100107798683634]]}, "properties": {"layer": "path", "bed": "B113", "door": "D2-east", "walk_m": 28.52}}, {"type": "Feature", "geometry": {"type": "LineString", "coordinates": [[31.600175849608753, 30.10022055999762], [31.60022461026927, 30.100221462009657], [31.60023083504681, 30.100226874516938], [31.600234984890342, 30.100226874509573], [31.60023809727948, 30.100229580763006]]}, "properties": {"layer": "path", "bed": "B114", "door": "D3-north", "walk_m": 6.91}}, {"type": "Feature", "geometry": {"type": "LineString", "coordinates": [[31.600175849608753, 30.10022055999762], [31.60022461026927, 30.100221462009657], [31.60023083504681, 30.100226874516938], [31.600234984890342, 30.100226874509573], [31.60023809727948, 30.100229580763006]]}, "properties": {"layer": "path", "bed": "B115", "door": "D3-north", "walk_m": 6.91}}, {"type": "Feature", "geometry": {"type": "LineString", "coordinates": [[31.600175849610345, 30.100221462083955], [31.60022461026927, 30.100221462009657], [31.60023083504681, 30.100226874516938], [31.600234984890342, 30.100226874509573], [31.60023809727948, 30.100229580763006]]}, "properties": {"layer": "path", "bed": "B116", "door": "D3-north", "walk_m": 6.87}}, {"type": "Feature", "geometry": {"type": "LineString", "coordinates": [[31.60021216027694, 30.10000496130378], [31.60007210336975, 30.10000405936892]]}, "properties": {"layer": "path", "bed": "B117", "door": "D1-south", "walk_m": 14.04}}, {"type": "Feature", "geometry": {"type": "LineString", "coordinates": [[31.60021216027694, 30.10000496130378], [31.60007210336975, 30.10000405936892]]}, "properties": {"layer": "path", "bed": "B118", "door": "D1-south", "walk_m": 14.04}}, {"type": "Feature", "geometry": {"type": "LineString", "coordinates": [[31.600212160565924, 30.10014027425872], [31.600395790978812, 30.10013937174753], [31.600398903347855, 30.10013666547905], [31.60039890328628, 30.100121330010943], [31.600406165478933, 30.100115015384183], [31.60040616546049, 30.10011050495238], [31.600409277828355, 30.100107798683634]]}, "properties": {"layer": "path", "bed": "B119", "door": "D2-east", "walk_m": 22.28}}, {"type": "Feature", "geometry": {"type": "LineString", "coordinates": [[31.600212160737403, 30.100220559944002], [31.60022461026927, 30.100221462009657], [31.60023083504681, 30.100226874516938], [31.600234984890342, 30.100226874509573], [31.60023809727948, 30.100229580763006]]}, "properties": {"layer": "path", "bed": "B120", "door": "D3-north", "walk_m": 3.41}}, {"type": "Feature", "geometry": {"type": "LineString", "coordinates": [[31.60022772267242, 30.10023048286775], [31.60023809727948, 30.100229580763006]]}, "properties": {"layer": "path", "bed": "B121", "door": "D3-north", "walk_m": 1.54}}, {"type": "Feature", "geometry": {"type": "LineString", "coordinates": [[31.600222534923237, 30.100032023877834], [31.600086627813152, 30.100031121951353], [31.600078328136735, 30.10002390526558], [31.600078328133193, 30.10001939483372], [31.600072103376945, 30.10001398231903], [31.60007210336975, 30.10000405936892]]}, "properties": {"layer": "path", "bed": "B122", "door": "D1-south", "walk_m": 17.22}}, {"type": "Feature", "geometry": {"type": "LineString", "coordinates": [[31.600232909448277, 30.100004961268642], [31.60007210336975, 30.10000405936892]]}, "properties": {"layer": "path", "bed": "B123", "door": "D1-south", "walk_m": 16.04}}, {"type": "Feature", "geometry": {"type": "LineString", "coordinates": [[31.600232909448277, 30.100004961268642], [31.60007210336975, 30.10000405936892]]}, "properties": {"layer": "path", "bed": "B124", "door": "D1-south", "walk_m": 16.04}}, {"type": "Feature", "geometry": {"type": "LineString", "coordinates": [[31.60023809706544, 30.100140274214287], [31.600395790978812, 30.10013937174753], [31.600398903347855, 30.10013666547905], [31.60039890328628, 30.100121330010943], [31.600406165478933, 30.100115015384183], [31.60040616546049, 30.10011050495238], [31.600409277828355, 30.100107798683634]]}, "properties": {"layer": "path", "bed": "B125", "door": "D2-east", "walk_m": 19.78}}, {"type": "Feature", "geometry": {"type": "LineString", "coordinates": [[31.600243284539857, 30.10021153902659], [31.600238097249218, 30.10021695155417], [31.60023809727948, 30.100229580763006]]}, "properties": {"layer": "path", "bed": "B126", "door": "D3-north", "walk_m": 2.71}}, {"type": "Feature", "geometry": {"type": "LineString", "coordinates": [[31.600253658619614, 30.10000496123022], [31.60007210336975, 30.10000405936892]]}, "properties": {"layer": "path", "bed": "B127", "door": "D1-south", "walk_m": 18.04}}, {"type": "Feature", "geometry": {"type": "LineString", "coordinates": [[31.600253658619614, 30.10000496123022], [31.60007210336975, 30.10000405936892]]}, "properties": {"layer": "path", "bed": "B128", "door": "D1-south", "walk_m": 18.04}}, {"type": "Feature", "geometry": {"type": "LineString", "coordinates": [[31.60025884626504, 30.100140274175047], [31.600395790978812, 30.10013937174753], [31.600398903347855, 30.10013666547905], [31.60039890328628, 30.100121330010943], [31.600406165478933, 30.100115015384183], [31.60040616546049, 30.10011050495238], [31.600409277828355, 30.100107798683634]]}, "properties": {"layer": "path", "bed": "B129", "door": "D2-east", "walk_m": 17.78}}, {"type": "Feature", "geometry": {"type": "LineString", "coordinates": [[31.60026403377833, 30.100220559850005], [31.600253659170143, 30.100220559870436], [31.600246396960074, 30.10022687448867], [31.60024120965565, 30.1002268744983], [31.60023809727948, 30.100229580763006]]}, "properties": {"layer": "path", "bed": "B130", "door": "D3-north", "walk_m": 3.41}}, {"type": "Feature", "geometry": {"type": "LineString", "coordinates": [[31.60026403377833, 30.100220559850005], [31.600253659170143, 30.100220559870436], [31.600246396960074, 30.10022687448867], [31.60024120965565, 30.1002268744983], [31.60023809727948, 30.100229580763006]]}, "properties": {"layer": "path", "bed": "B131", "door": "D3-north", "walk_m": 3.41}}, {"type": "Feature", "geometry": {"type": "LineString", "coordinates": [[31.60026922093818, 30.100167336744857], [31.600292045061302, 30.100166434609744], [31.60029619489156, 30.100162826255037], [31.60029619483239, 30.100142980355226], [31.600300344661512, 30.10013937200038], [31.600395790978812, 30.10013937174753], [31.600398903347855, 30.10013666547905], [31.60039890328628, 30.100121330010943], [31.600406165478933, 30.100115015384183], [31.60040616546049, 30.10011050495238], [31.600409277828355, 30.100107798683634]]}, "properties": {"layer": "path", "bed": "B132", "door": "D2-east", "walk_m": 19.31}}, {"type": "Feature", "geometry": {"type": "LineString", "coordinates": [[31.600274407790952, 30.100004961188525], [31.60007210336975, 30.10000405936892]]}, "properties": {"layer": "path", "bed": "B133", "door": "D1-south", "walk_m": 20.04}}, {"type": "Feature", "geometry": {"type": "LineString", "coordinates": [[31.600274407790952, 30.100004961188525], [31.60007210336975, 30.10000405936892]]}, "properties": {"layer": "path", "bed": "B134", "door": "D1-south", "walk_m": 20.04}}, {"type": "Feature", "geometry": {"type": "LineString", "coordinates": [[31.60028996998544, 30.10011321151927], [31.600390603569, 30.100111407085922], [31.600394753393374, 30.10010779872808], [31.600409277828355, 30.100107798683634]]}, "properties": {"layer": "path", "bed": "B135", "door": "D2-east", "walk_m": 12.25}}, {"type": "Feature", "geometry": {"type": "LineString", "coordinates": [[31.6002744082395, 30.100167336734117], [31.600292045061302, 30.100166434609744], [31.60029619489156, 30.100162826255037], [31.60029619483239, 30.100142980355226], [31.600300344661512, 30.10013937200038], [31.600395790978812, 30.10013937174753], [31.600398903347855, 30.10013666547905], [31.60039890328628, 30.100121330010943], [31.600406165478933, 30.100115015384183], [31.60040616546049, 30.10011050495238], [31.600409277828355, 30.100107798683634]]}, "properties": {"layer": "path", "bed": "B136", "door": "D2-east", "walk_m": 18.81}}, {"type": "Feature", "geometry": {"type": "LineString", "coordinates": [[31.600279595464638, 30.100140274132528], [31.600395790978812, 30.10013937174753], [31.600398903347855, 30.10013666547905], [31.60039890328628, 30.100121330010943], [31.600406165478933, 30.100115015384183], [31.60040616546049, 30.10011050495238], [31.600409277828355, 30.100107798683634]]}, "properties": {"layer": "path", "bed": "B137", "door": "D2-east", "walk_m": 15.78}}, {"type": "Feature", "geometry": {"type": "LineString", "coordinates": [[31.600284782454207, 30.100032023757667], [31.600086627813152, 30.100031121951353], [31.600078328136735, 30.10002390526558], [31.600078328133193, 30.10001939483372], [31.600072103376945, 30.10001398231903], [31.60007210336975, 30.10000405936892]]}, "properties": {"layer": "path", "bed": "B138", "door": "D1-south", "walk_m": 23.22}}, {"type": "Feature", "geometry": {"type": "LineString", "coordinates": [[31.600289970143443, 30.10016733670069], [31.60029619489156, 30.100162826255037], [31.60029619483239, 30.100142980355226], [31.600300344661512, 30.10013937200038], [31.600395790978812, 30.10013937174753], [31.600398903347855, 30.10013666547905], [31.60039890328628, 30.100121330010943], [31.600406165478933, 30.100115015384183], [31.60040616546049, 30.10011050495238], [31.600409277828355, 30.100107798683634]]}, "properties": {"layer": "path", "bed": "B139", "door": "D2-east", "walk_m": 17.31}}, {"type": "Feature", "geometry": {"type": "LineString", "coordinates": [[31.60029515696229, 30.10000496114355], [31.60007210336975, 30.10000405936892]]}, "properties": {"layer": "path", "bed": "B140", "door": "D1-south", "walk_m": 22.04}}, {"type": "Feature", "geometry": {"type": "LineString", "coordinates": [[31.60029515696229, 30.10000496114355], [31.60007210336975, 30.10000405936892]]}, "properties": {"layer": "path", "bed": "B141", "door": "D1-south", "walk_m": 22.04}}, {"type": "Feature", "geometry": {"type": "LineString", "coordinates": [[31.600295157283927, 30.100113211507733], [31.600390603569, 30.100111407085922], [31.600394753393374, 30.10010779872808], [31.600409277828355, 30.100107798683634]]}, "properties": {"layer": "path", "bed": "B142", "door": "D2-east", "walk_m": 11.75}}, {"type": "Feature", "geometry": {"type": "LineString", "coordinates": [[31.600310719264044, 30.100140274062614], [31.600395790978812, 30.10013937174753], [31.600398903347855, 30.10013666547905], [31.60039890328628, 30.100121330010943], [31.600406165478933, 30.100115015384183], [31.60040616546049, 30.10011050495238], [31.600409277828355, 30.100107798683634]]}, "properties": {"layer": "path", "bed": "B143", "door": "D2-east", "walk_m": 12.78}}, {"type": "Feature", "geometry": {"type": "LineString", "coordinates": [[31.600315906133634, 30.1000049610953], [31.60007210336975, 30.10000405936892]]}, "properties": {"layer": "path", "bed": "B144", "door": "D1-south", "walk_m": 24.04}}, {"type": "Feature", "geometry": {"type": "LineString", "coordinates": [[31.600315906133634, 30.1000049610953], [31.60007210336975, 30.10000405936892]]}, "properties": {"layer": "path", "bed": "B145", "door": "D1-south", "walk_m": 24.04}}, {"type": "Feature", "geometry": {"type": "LineString", "coordinates": [[31.600315906477878, 30.100113211459476], [31.600390603569, 30.100111407085922], [31.600394753393374, 30.10010779872808], [31.600409277828355, 30.100107798683634]]}, "properties": {"layer": "path", "bed": "B146", "door": "D2-east", "walk_m": 9.75}}, {"type": "Feature", "geometry": {"type": "LineString", "coordinates": [[31.600315906477878, 30.100113211459476], [31.600390603569, 30.100111407085922], [31.600394753393374, 30.10010779872808], [31.600409277828355, 30.100107798683634]]}, "properties": {"layer": "path", "bed": "B147", "door": "D2-east", "walk_m": 9.75}}, {"type": "Feature", "geometry": {"type": "LineString", "coordinates": [[31.600326281252624, 30.100167336615534], [31.60032731863264, 30.10014298028138], [31.600331468460627, 30.10013937192554], [31.600395790978812, 30.10013937174753], [31.600398903347855, 30.10013666547905], [31.60039890328628, 30.100121330010943], [31.600406165478933, 30.100115015384183], [31.60040616546049, 30.10011050495238], [31.600409277828355, 30.100107798683634]]}, "properties": {"layer": "path", "bed": "B148", "door": "D2-east", "walk_m": 14.05}}, {"type": "Feature", "geometry": {"type": "LineString", "coordinates": [[31.600331468102432, 30.100032023648172], [31.600086627813152, 30.100031121951353], [31.600078328136735, 30.10002390526558], [31.600078328133193, 30.10001939483372], [31.600072103376945, 30.10001398231903], [31.60007210336975, 30.10000405936892]]}, "properties": {"layer": "path", "bed": "B149", "door": "D1-south", "walk_m": 27.72}}, {"type": "Feature", "geometry": {"type": "LineString", "coordinates": [[31.6003325054858, 30.100009471486224], [31.600327318174894, 30.100004058980996], [31.60007210336975, 30.10000405936892]]}, "properties": {"layer": "path", "bed": "B150", "door": "D1-south", "walk_m": 25.91}}, {"type": "Feature", "geometry": {"type": "LineString", "coordinates": [[31.600336655671818, 30.100113211407944], [31.600390603569, 30.100111407085922], [31.600394753393374, 30.10010779872808], [31.600409277828355, 30.100107798683634]]}, "properties": {"layer": "path", "bed": "B151", "door": "D2-east", "walk_m": 7.75}}, {"type": "Feature", "geometry": {"type": "LineString", "coordinates": [[31.600336655671818, 30.100113211407944], [31.600390603569, 30.100111407085922], [31.600394753393374, 30.10010779872808], [31.600409277828355, 30.100107798683634]]}, "properties": {"layer": "path", "bed": "B152", "door": "D2-east", "walk_m": 7.75}}, {"type": "Feature", "geometry": {"type": "LineString", "coordinates": [[31.600352217851945, 30.100193497052764], [31.60035221785835, 30.100195301225465], [31.60034703057133, 30.100199811671004], [31.600347030602837, 30.100208832534495], [31.60034288077252, 30.10021244089077], [31.600325243940038, 30.10021244093561], [31.600320056650908, 30.10021695138009], [31.60029412013138, 30.100216951440707], [31.600289970298792, 30.100220559795318], [31.60025262171163, 30.10022146195879], [31.600246396960074, 30.10022687448867], [31.60024120965565, 30.1002268744983], [31.60023809727948, 30.100229580763006]]}, "properties": {"layer": "path", "bed": "B153", "door": "D3-north", "walk_m": 13.86}}, {"type": "Feature", "geometry": {"type": "LineString", "coordinates": [[31.600357404865782, 30.100113211353143], [31.60037089183511, 30.100111407143043], [31.600390603569, 30.100111407085922], [31.600394753393374, 30.10010779872808], [31.600409277828355, 30.100107798683634]]}, "properties": {"layer": "path", "bed": "B154", "door": "D2-east", "walk_m": 5.75}}, {"type": "Feature", "geometry": {"type": "LineString", "coordinates": [[31.600357404865782, 30.100113211353143], [31.60037089183511, 30.100111407143043], [31.600390603569, 30.100111407085922], [31.600394753393374, 30.10010779872808], [31.600409277828355, 30.100107798683634]]}, "properties": {"layer": "path", "bed": "B155", "door": "D2-east", "walk_m": 5.75}}, {"type": "Feature", "geometry": {"type": "LineString", "coordinates": [[31.600046166981276, 30.1001664349262], [31.600089740312722, 30.100167336990012], [31.600093890157186, 30.100170945332536], [31.600093890175945, 30.10019079123226], [31.600098040021535, 30.100194399574626], [31.600286857840793, 30.10019439929807], [31.600289970230335, 30.100197105550283], [31.600289970290884, 30.10021785353628], [31.600286857916338, 30.10022055980215], [31.60025262171163, 30.10022146195879], [31.600246396960074, 30.10022687448867], [31.60024120965565, 30.1002268744983], [31.60023809727948, 30.100229580763006]]}, "properties": {"layer": "path", "bed": "B156", "door": "D3-north", "walk_m": 34.54}}, {"type": "Feature", "geometry": {"type": "LineString", "coordinates": [[31.60006172879258, 30.100017590669818], [31.600068990999095, 30.10001127606159], [31.600068990995958, 30.100006765629708], [31.60007210336975, 30.10000405936892]]}, "properties": {"layer": "path", "bed": "B157", "door": "D1-south", "walk_m": 2.41}}, {"type": "Feature", "geometry": {"type": "LineString", "coordinates": [[31.600072103503976, 30.100188987073324], [31.600077290810624, 30.100194399588467], [31.600286857840793, 30.10019439929807], [31.600289970230335, 30.100197105550283], [31.600289970290884, 30.10021785353628], [31.600286857916338, 30.10022055980215], [31.60025262171163, 30.10022146195879], [31.600246396960074, 30.10022687448867], [31.60024120965565, 30.1002268744983], [31.60023809727948, 30.100229580763006]]}, "properties": {"layer": "path", "bed": "B158", "door": "D3-north", "walk_m": 29.77}}, {"type": "Feature", "geometry": {"type": "LineString", "coordinates": [[31.60009285270532, 30.100179966196787], [31.600093890175945, 30.10019079123226], [31.600098040021535, 30.100194399574626], [31.600286857840793, 30.10019439929807], [31.600289970230335, 30.100197105550283], [31.600289970290884, 30.10021785353628], [31.600286857916338, 30.10022055980215], [31.60025262171163, 30.10022146195879], [31.600246396960074, 30.10022687448867], [31.60024120965565, 30.1002268744983], [31.60023809727948, 30.100229580763006]]}, "properties": {"layer": "path", "bed": "B159", "door": "D3-north", "walk_m": 28.77}}, {"type": "Feature", "geometry": {"type": "LineString", "coordinates": [[31.600093890077044, 30.100086149214828], [31.600022305377014, 30.10008434507375], [31.600016080619763, 30.100078932556478], [31.600004668567024, 30.10007893255736]]}, "properties": {"layer": "path", "bed": "B160", "door": "D4-west", "walk_m": 9.43}}, {"type": "Feature", "geometry": {"type": "LineString", "coordinates": [[31.60017066221942, 30.100170945255243], [31.60018829904452, 30.10017094523114], [31.600193486337247, 30.10016643479185], [31.600292045061302, 30.100166434609744], [31.60029619489156, 30.100162826255037], [31.60029619483239, 30.100142980355226], [31.600300344661512, 30.10013937200038], [31.600395790978812, 30.10013937174753], [31.600398903347855, 30.10013666547905], [31.60039890328628, 30.100121330010943], [31.600406165478933, 30.100115015384183], [31.60040616546049, 30.10011050495238], [31.600409277828355, 30.100107798683634]]}, "properties": {"layer": "path", "bed": "B161", "door": "D2-east", "walk_m": 28.98}}, {"type": "Feature", "geometry": {"type": "LineString", "coordinates": [[31.600289970259304, 30.10020702850012], [31.600289970290884, 30.10021785353628], [31.600286857916338, 30.10022055980215], [31.60025262171163, 30.10022146195879], [31.600246396960074, 30.10022687448867], [31.60024120965565, 30.1002268744983], [31.60023809727948, 30.100229580763006]]}, "properties": {"layer": "path", "bed": "B162", "door": "D3-north", "walk_m": 7.24}}, {"type": "Feature", "geometry": {"type": "LineString", "coordinates": [[31.600326281234846, 30.100161924097414], [31.60032731863264, 30.10014298028138], [31.600331468460627, 30.10013937192554], [31.600395790978812, 30.10013937174753], [31.600398903347855, 30.10013666547905], [31.60039890328628, 30.100121330010943], [31.600406165478933, 30.100115015384183], [31.60040616546049, 30.10011050495238], [31.600409277828355, 30.100107798683634]]}, "properties": {"layer": "path", "bed": "B163", "door": "D2-east", "walk_m": 13.45}}, {"type": "Feature", "geometry": {"type": "LineString", "coordinates": [[31.600326281234846, 30.100161924097414], [31.60032731863264, 30.10014298028138], [31.600331468460627, 30.10013937192554], [31.600395790978812, 30.10013937174753], [31.600398903347855, 30.10013666547905], [31.60039890328628, 30.100121330010943], [31.600406165478933, 30.100115015384183], [31.60040616546049, 30.10011050495238], [31.600409277828355, 30.100107798683634]]}, "properties": {"layer": "path", "bed": "B164", "door": "D2-east", "walk_m": 13.45}}, {"type": "Feature", "geometry": {"type": "LineString", "coordinates": [[31.60033250548278, 30.100008569399844], [31.600327318174894, 30.100004058980996], [31.60007210336975, 30.10000405936892]]}, "properties": {"layer": "path", "bed": "B165", "door": "D1-south", "walk_m": 25.81}}, {"type": "Feature", "geometry": {"type": "LineString", "coordinates": [[31.60034495534627, 30.100112309300066], [31.600390603569, 30.100111407085922], [31.600394753393374, 30.10010779872808], [31.600409277828355, 30.100107798683634]]}, "properties": {"layer": "path", "bed": "B166", "door": "D2-east", "walk_m": 6.91}}, {"type": "Feature", "geometry": {"type": "LineString", "coordinates": [[31.600344955443383, 30.100140273977182], [31.600395790978812, 30.10013937174753], [31.600398903347855, 30.10013666547905], [31.60039890328628, 30.100121330010943], [31.600406165478933, 30.100115015384183], [31.60040616546049, 30.10011050495238], [31.600409277828355, 30.100107798683634]]}, "properties": {"layer": "path", "bed": "B167", "door": "D2-east", "walk_m": 9.48}}, {"type": "Feature", "geometry": {"type": "LineString", "coordinates": [[31.600381266456125, 30.100117721717876], [31.600386453737308, 30.100113211270926], [31.60039164103579, 30.10011321125555], [31.6003978657723, 30.100107798718696], [31.600409277828355, 30.100107798683634]]}, "properties": {"layer": "path", "bed": "B168", "door": "D2-east", "walk_m": 3.66}}, {"type": "Feature", "geometry": {"type": "LineString", "coordinates": [[31.600396828442385, 30.100140273830757], [31.6003989033551, 30.100138469651764], [31.60039890328628, 30.100121330010943], [31.600406165478933, 30.100115015384183], [31.60040616546049, 30.10011050495238], [31.600409277828355, 30.100107798683634]]}, "properties": {"layer": "path", "bed": "B169", "door": "D2-east", "walk_m": 4.6}}, {"type": "Feature", "geometry": {"type": "Polygon", "coordinates": [[[31.600024380289604, 30.10005908665512], [31.6000243802916, 30.10006720543243], [31.600001556188822, 30.100067205434677], [31.600001556188698, 30.10005908665737], [31.600024380289604, 30.10005908665512]]]}, "properties": {"layer": "bed", "id": "B001", "bed_type": "cot", "size": "2.2 x 0.9 m", "resized": false, "rotated": false, "door": "D4-west", "walk_m": 1.63}}, {"type": "Feature", "geometry": {"type": "Polygon", "coordinates": [[[31.60002438029736, 30.100090659677928], [31.60002438029935, 30.100098778455195], [31.60000155618932, 30.100098778457454], [31.60000155618919, 30.10009065968018], [31.60002438029736, 30.100090659677928]]]}, "properties": {"layer": "bed", "id": "B002", "bed_type": "cot", "size": "2.2 x 0.9 m", "resized": false, "rotated": false, "door": "D4-west", "walk_m": 1.63}}, {"type": "Feature", "geometry": {"type": "Polygon", "coordinates": [[[31.600065878717707, 30.100153805708842], [31.600065878723097, 30.100161924486027], [31.600043054598558, 30.10016192449549], [31.60004305459504, 30.100153805718293], [31.600065878717707, 30.100153805708842]]]}, "properties": {"layer": "bed", "id": "B003", "bed_type": "cot", "size": "2.2 x 0.9 m", "resized": false, "rotated": false, "door": "D3-north", "walk_m": 33.74}}, {"type": "Feature", "geometry": {"type": "Polygon", "coordinates": [[[31.60007106597314, 30.10009065966097], [31.60007106597895, 30.100098778438245], [31.600048241868926, 30.100098778448604], [31.600048241864982, 30.100090659671338], [31.60007106597314, 30.10009065966097]]]}, "properties": {"layer": "bed", "id": "B004", "bed_type": "cot", "size": "2.2 x 0.9 m", "resized": false, "rotated": false, "door": "D4-west", "walk_m": 6.13}}, {"type": "Feature", "geometry": {"type": "Polygon", "coordinates": [[[31.600091815220747, 30.100153805693274], [31.600091815228247, 30.10016192447046], [31.600068991103715, 30.10016192448443], [31.600068991098073, 30.10015380570724], [31.600091815220747, 30.100153805693274]]]}, "properties": {"layer": "bed", "id": "B005", "bed_type": "cot", "size": "2.2 x 0.9 m", "resized": false, "rotated": false, "door": "D3-north", "walk_m": 31.24}}, {"type": "Feature", "geometry": {"type": "Polygon", "coordinates": [[[31.60009700245969, 30.100090659644387], [31.600097002467624, 30.100098778421653], [31.600074178357588, 30.100098778436525], [31.600074178351537, 30.10009065965926], [31.60009700245969, 30.100090659644387]]]}, "properties": {"layer": "bed", "id": "B006", "bed_type": "cot", "size": "2.2 x 0.9 m", "resized": false, "rotated": false, "door": "D4-west", "walk_m": 8.63}}, {"type": "Feature", "geometry": {"type": "Polygon", "coordinates": [[[31.600097002468495, 30.10009968050801], [31.600097002476428, 30.10010779928527], [31.60007417836433, 30.100107799300133], [31.600074178358263, 30.100099680522888], [31.600097002468495, 30.10009968050801]]]}, "properties": {"layer": "bed", "id": "B007", "bed_type": "cot", "size": "2.2 x 0.9 m", "resized": false, "rotated": false, "door": "D4-west", "walk_m": 8.63}}, {"type": "Feature", "geometry": {"type": "Polygon", "coordinates": [[[31.600122939057883, 30.10018086825844], [31.60012293906793, 30.100188987035597], [31.600100114937174, 30.100188987054967], [31.600100114928996, 30.100180868277814], [31.600122939057883, 30.10018086825844]]]}, "properties": {"layer": "bed", "id": "B008", "bed_type": "cot", "size": "2.2 x 0.9 m", "resized": false, "rotated": false, "door": "D3-north", "walk_m": 25.7}}, {"type": "Feature", "geometry": {"type": "Polygon", "coordinates": [[[31.60013331344401, 30.100018492703065], [31.6001333134549, 30.100026611480413], [31.600110489361462, 30.100026611501598], [31.600110489352424, 30.100018492724235], [31.60013331344401, 30.100018492703065]]]}, "properties": {"layer": "bed", "id": "B009", "bed_type": "cot", "size": "2.2 x 0.9 m", "resized": false, "rotated": false, "door": "D1-south", "walk_m": 5.34}}, {"type": "Feature", "geometry": {"type": "Polygon", "coordinates": [[[31.600154062604187, 30.100009471816627], [31.600154062616774, 30.100017590594], [31.600131238525403, 30.100017590618783], [31.600131238514678, 30.100009471841403], [31.600154062604187, 30.100009471816627]]]}, "properties": {"layer": "bed", "id": "B010", "bed_type": "cot", "size": "2.2 x 0.9 m", "resized": false, "rotated": false, "door": "D1-south", "walk_m": 7.34}}, {"type": "Feature", "geometry": {"type": "Polygon", "coordinates": [[[31.600159249911712, 30.100018492674185], [31.60015924992473, 30.10002661145154], [31.60013642583129, 30.100026611477222], [31.600136425820132, 30.100018492699864], [31.600159249911712, 30.100018492674185]]]}, "properties": {"layer": "bed", "id": "B011", "bed_type": "cot", "size": "2.2 x 0.9 m", "resized": false, "rotated": false, "door": "D1-south", "walk_m": 7.84}}, {"type": "Feature", "geometry": {"type": "Polygon", "coordinates": [[[31.600164437339654, 30.100099680440923], [31.600164437353087, 30.10010779921818], [31.600141613240982, 30.10010779924476], [31.600141613229418, 30.10009968046751], [31.600164437339654, 30.100099680440923]]]}, "properties": {"layer": "bed", "id": "B012", "bed_type": "cot", "size": "2.2 x 0.9 m", "resized": false, "rotated": false, "door": "D4-west", "walk_m": 15.13}}, {"type": "Feature", "geometry": {"type": "Polygon", "coordinates": [[[31.600179999314715, 30.1001447847385], [31.60017999932943, 30.100152903515696], [31.600157175206967, 30.10015290354499], [31.600157175194123, 30.100144784767785], [31.600179999314715, 30.1001447847385]]]}, "properties": {"layer": "bed", "id": "B013", "bed_type": "cot", "size": "2.2 x 0.9 m", "resized": false, "rotated": false, "door": "D2-east", "walk_m": 26.48}}, {"type": "Feature", "geometry": {"type": "Polygon", "coordinates": [[[31.600185186362605, 30.100009471776442], [31.600185186377743, 30.10001759055381], [31.600162362286365, 30.100017590584006], [31.600162362273096, 30.100009471806633], [31.600185186362605, 30.100009471776442]]]}, "properties": {"layer": "bed", "id": "B014", "bed_type": "cot", "size": "2.2 x 0.9 m", "resized": false, "rotated": false, "door": "D1-south", "walk_m": 10.34}}, {"type": "Feature", "geometry": {"type": "Polygon", "coordinates": [[[31.600185186379424, 30.100018492640192], [31.600185186394555, 30.100026611417547], [31.600162362301102, 30.10002661144773], [31.60016236228784, 30.100018492670376], [31.600185186379424, 30.100018492640192]]]}, "properties": {"layer": "bed", "id": "B015", "bed_type": "cot", "size": "2.2 x 0.9 m", "resized": false, "rotated": false, "door": "D1-south", "walk_m": 10.34}}, {"type": "Feature", "geometry": {"type": "Polygon", "coordinates": [[[31.60018518651396, 30.100090659549682], [31.600185186529092, 30.100098778326963], [31.600162362419063, 30.100098778357147], [31.6001623624058, 30.100090659579873], [31.60018518651396, 30.100090659549682]]]}, "properties": {"layer": "bed", "id": "B016", "bed_type": "cot", "size": "2.2 x 0.9 m", "resized": false, "rotated": false, "door": "D4-west", "walk_m": 17.13}}, {"type": "Feature", "geometry": {"type": "Polygon", "coordinates": [[[31.600185186631673, 30.10015380559485], [31.600185186646804, 30.100161924372035], [31.600162362522273, 30.100161924402226], [31.60016236250901, 30.10015380562504], [31.600185186631673, 30.10015380559485]]]}, "properties": {"layer": "bed", "id": "B017", "bed_type": "cot", "size": "2.2 x 0.9 m", "resized": false, "rotated": false, "door": "D2-east", "walk_m": 25.98}}, {"type": "Feature", "geometry": {"type": "Polygon", "coordinates": [[[31.60022668490273, 30.100095169916457], [31.600226684921253, 30.10010328869373], [31.600203860810186, 30.10010328873112], [31.600203860793528, 30.10009516995386], [31.60022668490273, 30.100095169916457]]]}, "properties": {"layer": "bed", "id": "B018", "bed_type": "cot", "size": "2.2 x 0.9 m", "resized": false, "rotated": false, "door": "D2-east", "walk_m": 26.99}}, {"type": "Feature", "geometry": {"type": "Polygon", "coordinates": [[[31.600226685036528, 30.100153805529803], [31.60022668505506, 30.100161924306992], [31.600203860930506, 30.100161924344384], [31.600203860913858, 30.1001538055672], [31.600226685036528, 30.100153805529803]]]}, "properties": {"layer": "bed", "id": "B019", "bed_type": "cot", "size": "2.2 x 0.9 m", "resized": false, "rotated": false, "door": "D2-east", "walk_m": 21.98}}, {"type": "Feature", "geometry": {"type": "Polygon", "coordinates": [[[31.600231872273962, 30.10012674293005], [31.600231872292913, 30.10013486170727], [31.600209048174595, 30.100134861745566], [31.600209048157517, 30.10012674296834], [31.600231872273962, 30.10012674293005]]]}, "properties": {"layer": "bed", "id": "B020", "bed_type": "cot", "size": "2.2 x 0.9 m", "resized": false, "rotated": false, "door": "D2-east", "walk_m": 21.44}}, {"type": "Feature", "geometry": {"type": "Polygon", "coordinates": [[[31.600231872400308, 30.100180868111355], [31.60023187241925, 30.100188986888508], [31.600209048288498, 30.100188986926803], [31.600209048271417, 30.100180868149643], [31.600231872400308, 30.100180868111355]]]}, "properties": {"layer": "bed", "id": "B021", "bed_type": "cot", "size": "2.2 x 0.9 m", "resized": false, "rotated": false, "door": "D3-north", "walk_m": 15.2}}, {"type": "Feature", "geometry": {"type": "Polygon", "coordinates": [[[31.600231872442418, 30.10019890983835], [31.600231872461368, 30.100207028615486], [31.600209048326466, 30.100207028653784], [31.600209048309388, 30.100198909876656], [31.600231872442418, 30.10019890983835]]]}, "properties": {"layer": "bed", "id": "B022", "bed_type": "cot", "size": "2.2 x 0.9 m", "resized": false, "rotated": false, "door": "D3-north", "walk_m": 2.91}}, {"type": "Feature", "geometry": {"type": "Polygon", "coordinates": [[[31.600237059680794, 30.100171847238567], [31.60023705970017, 30.100179966015745], [31.600214235571492, 30.100179966054935], [31.600214235553985, 30.10017184727777], [31.600237059680794, 30.100171847238567]]]}, "properties": {"layer": "bed", "id": "B023", "bed_type": "cot", "size": "2.2 x 0.9 m", "resized": false, "rotated": false, "door": "D3-north", "walk_m": 14.7}}, {"type": "Feature", "geometry": {"type": "Polygon", "coordinates": [[[31.6002474342165, 30.10014478462881], [31.600247434236714, 30.10015290340602], [31.60022461011425, 30.100152903447015], [31.60022461009589, 30.100144784669812], [31.6002474342165, 30.10014478462881]]]}, "properties": {"layer": "bed", "id": "B024", "bed_type": "cot", "size": "2.2 x 0.9 m", "resized": false, "rotated": false, "door": "D2-east", "walk_m": 19.98}}, {"type": "Feature", "geometry": {"type": "Polygon", "coordinates": [[[31.600252621264275, 30.100045555118992], [31.60025262128493, 30.100053673896323], [31.600229797185257, 30.10005367393822], [31.60022979716648, 30.1000455551609], [31.600252621264275, 30.100045555118992]]]}, "properties": {"layer": "bed", "id": "B025", "bed_type": "cot", "size": "2.2 x 0.9 m", "resized": false, "rotated": false, "door": "D1-south", "walk_m": 19.59}}, {"type": "Feature", "geometry": {"type": "Polygon", "coordinates": [[[31.6002578089104, 30.100180868063017], [31.600257808931474, 30.100188986840177], [31.60023498480072, 30.100188986882973], [31.600234984781515, 30.10018086810582], [31.6002578089104, 30.100180868063017]]]}, "properties": {"layer": "bed", "id": "B026", "bed_type": "cot", "size": "2.2 x 0.9 m", "resized": false, "rotated": false, "door": "D3-north", "walk_m": 12.7}}, {"type": "Feature", "geometry": {"type": "Polygon", "coordinates": [[[31.60026299618854, 30.100171847189213], [31.600262996210034, 30.10017996596639], [31.600240172081357, 30.10017996601009], [31.60024017206173, 30.100171847232918], [31.60026299618854, 30.100171847189213]]]}, "properties": {"layer": "bed", "id": "B027", "bed_type": "cot", "size": "2.2 x 0.9 m", "resized": false, "rotated": false, "door": "D3-north", "walk_m": 12.2}}, {"type": "Feature", "geometry": {"type": "Polygon", "coordinates": [[[31.600273370419274, 30.100036534213757], [31.600273370441613, 30.100044652991087], [31.600250546344025, 30.1000446530366], [31.60025054632355, 30.100036534259264], [31.600273370419274, 30.100036534213757]]]}, "properties": {"layer": "bed", "id": "B028", "bed_type": "cot", "size": "2.2 x 0.9 m", "resized": false, "rotated": false, "door": "D1-south", "walk_m": 21.02}}, {"type": "Feature", "geometry": {"type": "Polygon", "coordinates": [[[31.60027855824497, 30.100225972338087], [31.600278558267732, 30.100234091115183], [31.60025573412661, 30.100234091161585], [31.600255734105712, 30.100225972384493], [31.60027855824497, 30.100225972338087]]]}, "properties": {"layer": "bed", "id": "B029", "bed_type": "cot", "size": "2.2 x 0.9 m", "resized": false, "rotated": false, "door": "D3-north", "walk_m": 3.67}}, {"type": "Feature", "geometry": {"type": "Polygon", "coordinates": [[[31.600283745317437, 30.100144784555408], [31.600283745340636, 30.100152903332617], [31.600260921218158, 30.100152903379918], [31.600260921196842, 30.100144784602723], [31.600283745317437, 30.100144784555408]]]}, "properties": {"layer": "bed", "id": "B030", "bed_type": "cot", "size": "2.2 x 0.9 m", "resized": false, "rotated": false, "door": "D2-east", "walk_m": 16.48}}, {"type": "Feature", "geometry": {"type": "Polygon", "coordinates": [[[31.60030449437973, 30.10009968019099], [31.600304494404618, 30.10010779896825], [31.60028167029252, 30.100107799019163], [31.600281670269492, 30.100099680241904], [31.60030449437973, 30.10009968019099]]]}, "properties": {"layer": "bed", "id": "B031", "bed_type": "cot", "size": "2.2 x 0.9 m", "resized": false, "rotated": false, "door": "D2-east", "walk_m": 11.91}}, {"type": "Feature", "geometry": {"type": "Polygon", "coordinates": [[[31.60030449443503, 30.10011772191822], [31.600304494459916, 30.100125840695455], [31.60028167034367, 30.100125840746365], [31.600281670320644, 30.100117721969134], [31.60030449443503, 30.10011772191822]]]}, "properties": {"layer": "bed", "id": "B032", "bed_type": "cot", "size": "2.2 x 0.9 m", "resized": false, "rotated": false, "door": "D2-east", "walk_m": 11.95}}, {"type": "Feature", "geometry": {"type": "Polygon", "coordinates": [[[31.60030449476684, 30.100225972280533], [31.60030449479172, 30.100234091057633], [31.600281670650606, 30.100234091108547], [31.60028167062759, 30.100225972331447], [31.60030449476684, 30.100225972280533]]]}, "properties": {"layer": "bed", "id": "B033", "bed_type": "cot", "size": "2.2 x 0.9 m", "resized": false, "rotated": false, "door": "D3-north", "walk_m": 5.97}}, {"type": "Feature", "geometry": {"type": "Polygon", "coordinates": [[[31.600309681902488, 30.100171847087484], [31.6003096819278, 30.100179965864644], [31.600286857799112, 30.10017996591646], [31.600286857775668, 30.10017184713929], [31.600309681902488, 30.100171847087484]]]}, "properties": {"layer": "bed", "id": "B034", "bed_type": "cot", "size": "2.2 x 0.9 m", "resized": false, "rotated": false, "door": "D3-north", "walk_m": 8.78}}, {"type": "Feature", "geometry": {"type": "Polygon", "coordinates": [[[31.600320056069624, 30.100036534108327], [31.60032005609578, 30.10004465288567], [31.600297231998187, 30.10004465293928], [31.600297231973894, 30.10003653416194], [31.600320056069624, 30.100036534108327]]]}, "properties": {"layer": "bed", "id": "B035", "bed_type": "cot", "size": "2.2 x 0.9 m", "resized": false, "rotated": false, "door": "D1-south", "walk_m": 25.52}}, {"type": "Feature", "geometry": {"type": "Polygon", "coordinates": [[[31.60033043086863, 30.10009968012832], [31.60033043089564, 30.100107798905587], [31.60030760678353, 30.100107798961005], [31.600307606758403, 30.10009968018374], [31.60033043086863, 30.10009968012832]]]}, "properties": {"layer": "bed", "id": "B036", "bed_type": "cot", "size": "2.2 x 0.9 m", "resized": false, "rotated": false, "door": "D2-east", "walk_m": 9.41}}, {"type": "Feature", "geometry": {"type": "Polygon", "coordinates": [[[31.600330431288725, 30.100225972217867], [31.600330431315726, 30.10023409099497], [31.600307607174607, 30.100234091050382], [31.600307607149468, 30.10022597227328], [31.600330431288725, 30.100225972217867]]]}, "properties": {"layer": "bed", "id": "B037", "bed_type": "cot", "size": "2.2 x 0.9 m", "resized": false, "rotated": false, "door": "D3-north", "walk_m": 8.95}}, {"type": "Feature", "geometry": {"type": "Polygon", "coordinates": [[[31.600351180474323, 30.10021695130059], [31.600351180503033, 30.100225070077705], [31.60032835636399, 30.100225070136723], [31.600328356337144, 30.100216951359602], [31.600351180474323, 30.10021695130059]]]}, "properties": {"layer": "bed", "id": "B038", "bed_type": "cot", "size": "2.2 x 0.9 m", "resized": false, "rotated": false, "door": "D3-north", "walk_m": 11.09}}, {"type": "Feature", "geometry": {"type": "Polygon", "coordinates": [[[31.600366741719974, 30.10003653398631], [31.600366741749948, 30.100044652763653], [31.600343917652353, 30.100044652825368], [31.60034391762425, 30.100036534048037], [31.600366741719974, 30.10003653398631]]]}, "properties": {"layer": "bed", "id": "B039", "bed_type": "cot", "size": "2.2 x 0.9 m", "resized": false, "rotated": false, "door": "D1-south", "walk_m": 30.02}}, {"type": "Feature", "geometry": {"type": "Polygon", "coordinates": [[[31.600366742252838, 30.10018086780412], [31.600366742282805, 30.10018898658128], [31.60034391815205, 30.100188986642987], [31.60034391812394, 30.10018086786584], [31.600366742252838, 30.10018086780412]]]}, "properties": {"layer": "bed", "id": "B040", "bed_type": "cot", "size": "2.2 x 0.9 m", "resized": false, "rotated": false, "door": "D3-north", "walk_m": 13.9}}, {"type": "Feature", "geometry": {"type": "Polygon", "coordinates": [[[31.600371928946906, 30.10001849224428], [31.600371928977307, 30.10002661102164], [31.60034910488386, 30.10002661108427], [31.600349104855326, 30.10001849230691], [31.600371928946906, 30.10001849224428]]]}, "properties": {"layer": "bed", "id": "B041", "bed_type": "cot", "size": "2.2 x 0.9 m", "resized": false, "rotated": false, "door": "D1-south", "walk_m": 30.48}}, {"type": "Feature", "geometry": {"type": "Polygon", "coordinates": [[[31.600382304020027, 30.100144784305602], [31.60038230405126, 30.10015290308281], [31.600359479928812, 30.100152903147237], [31.60035947989943, 30.100144784370038], [31.600382304020027, 30.100144784305602]]]}, "properties": {"layer": "bed", "id": "B042", "bed_type": "cot", "size": "2.2 x 0.9 m", "resized": false, "rotated": false, "door": "D2-east", "walk_m": 6.98}}, {"type": "Feature", "geometry": {"type": "Polygon", "coordinates": [[[31.60038230405474, 30.10015380516916], [31.60038230408599, 30.10016192394635], [31.60035947996144, 30.10016192401078], [31.60035947993207, 30.100153805233596], [31.60038230405474, 30.10015380516916]]]}, "properties": {"layer": "bed", "id": "B043", "bed_type": "cot", "size": "2.2 x 0.9 m", "resized": false, "rotated": false, "door": "D2-east", "walk_m": 6.98}}, {"type": "Feature", "geometry": {"type": "Polygon", "coordinates": [[[31.60038230412417, 30.100171846896238], [31.600382304155417, 30.10017996567341], [31.600359480026736, 30.100179965737833], [31.600359479997355, 30.10017184696067], [31.60038230412417, 30.100171846896238]]]}, "properties": {"layer": "bed", "id": "B044", "bed_type": "cot", "size": "2.2 x 0.9 m", "resized": false, "rotated": false, "door": "D2-east", "walk_m": 17.97}}, {"type": "Feature", "geometry": {"type": "Polygon", "coordinates": [[[31.60040824018705, 30.100063596455005], [31.60040824022042, 30.100071715232303], [31.60038541611661, 30.100071715301237], [31.600385416085107, 30.100063596523945], [31.60040824018705, 30.100063596455005]]]}, "properties": {"layer": "bed", "id": "B045", "bed_type": "cot", "size": "2.2 x 0.9 m", "resized": false, "rotated": false, "door": "D2-east", "walk_m": 8.11}}, {"type": "Feature", "geometry": {"type": "Polygon", "coordinates": [[[31.600408240261196, 30.10008163818233], [31.600408240294566, 30.100089756959616], [31.600385416186604, 30.100089757028545], [31.600385416155113, 30.100081638251265], [31.600408240261196, 30.10008163818233]]]}, "properties": {"layer": "bed", "id": "B046", "bed_type": "cot", "size": "2.2 x 0.9 m", "resized": false, "rotated": false, "door": "D2-east", "walk_m": 2.11}}, {"type": "Feature", "geometry": {"type": "Polygon", "coordinates": [[[31.600009855858712, 30.100028415720423], [31.600009855860687, 30.100048261620586], [31.600000518729512, 30.100048261620955], [31.600000518729406, 30.100028415720793], [31.600009855858712, 30.100028415720423]]]}, "properties": {"layer": "bed", "id": "B047", "bed_type": "cot", "size": "2.2 x 0.9 m", "resized": false, "rotated": true, "door": "D1-south", "walk_m": 8.55}}, {"type": "Feature", "geometry": {"type": "Polygon", "coordinates": [[[31.600066916145025, 30.100105093044963], [31.600066916158386, 30.100124938944884], [31.600057579020007, 30.100124938949314], [31.6000575790085, 30.10010509304938], [31.600066916145025, 30.100105093044963]]]}, "properties": {"layer": "bed", "id": "B048", "bed_type": "cot", "size": "2.2 x 0.9 m", "resized": false, "rotated": true, "door": "D4-west", "walk_m": 17.92}}, {"type": "Feature", "geometry": {"type": "Polygon", "coordinates": [[[31.600144725655397, 30.100132155573085], [31.60014472568431, 30.100152001472928], [31.600135388543386, 30.100152001482883], [31.600135388516343, 30.100132155583044], [31.600144725655397, 30.100132155573085]]]}, "properties": {"layer": "bed", "id": "B049", "bed_type": "cot", "size": "2.2 x 0.9 m", "resized": false, "rotated": true, "door": "D2-east", "walk_m": 28.28}}, {"type": "Feature", "geometry": {"type": "Polygon", "coordinates": [[[31.600175849308545, 30.10005096776239], [31.600175849343668, 30.100070813662484], [31.600166512210375, 30.10007081367465], [31.600166512177108, 30.100050967774553], [31.600175849308545, 30.10005096776239]]]}, "properties": {"layer": "bed", "id": "B050", "bed_type": "cot", "size": "2.2 x 0.9 m", "resized": false, "rotated": true, "door": "D4-west", "walk_m": 16.92}}, {"type": "Feature", "geometry": {"type": "Polygon", "coordinates": [[[31.60018103670242, 30.100105092937284], [31.600181036738583, 30.100124938837205], [31.600171699600196, 30.100124938849728], [31.600171699565898, 30.100105092949807], [31.60018103670242, 30.100105092937284]]]}, "properties": {"layer": "bed", "id": "B051", "bed_type": "cot", "size": "2.2 x 0.9 m", "resized": false, "rotated": true, "door": "D4-west", "walk_m": 18.96}}, {"type": "Feature", "geometry": {"type": "Polygon", "coordinates": [[[31.600212160346295, 30.100037436413224], [31.600212160388686, 30.10005728231336], [31.60020282325666, 30.10005728232811], [31.60020282321614, 30.100037436427964], [31.600212160346295, 30.100037436413224]]]}, "properties": {"layer": "bed", "id": "B052", "bed_type": "cot", "size": "2.2 x 0.9 m", "resized": false, "rotated": true, "door": "D1-south", "walk_m": 16.09}}, {"type": "Feature", "geometry": {"type": "Polygon", "coordinates": [[[31.600227722384982, 30.10010509286466], [31.600227722430485, 30.10012493876458], [31.600218385292106, 30.10012493878044], [31.600218385248468, 30.100105092880504], [31.600227722384982, 30.10010509286466]]]}, "properties": {"layer": "bed", "id": "B053", "bed_type": "cot", "size": "2.2 x 0.9 m", "resized": false, "rotated": true, "door": "D2-east", "walk_m": 26.31}}, {"type": "Feature", "geometry": {"type": "Polygon", "coordinates": [[[31.60036259249683, 30.10020432206073], [31.600362592569265, 30.10022416796036], [31.600353255421545, 30.10022416798579], [31.600353255350967, 30.100204322086164], [31.60036259249683, 30.10020432206073]]]}, "properties": {"layer": "bed", "id": "B054", "bed_type": "cot", "size": "2.2 x 0.9 m", "resized": false, "rotated": true, "door": "D3-north", "walk_m": 11.89}}, {"type": "Feature", "geometry": {"type": "Polygon", "coordinates": [[[31.600367779365893, 30.10008705082], [31.60036777943937, 30.10010689671998], [31.60035844230269, 30.1001068967458], [31.60035844223108, 30.100087050845808], [31.600367779365893, 30.10008705082]]]}, "properties": {"layer": "bed", "id": "B055", "bed_type": "cot", "size": "2.2 x 0.9 m", "resized": false, "rotated": true, "door": "D2-east", "walk_m": 4.58}}, {"type": "Feature", "geometry": {"type": "Polygon", "coordinates": [[[31.600372967052508, 30.100190790736452], [31.60037296712702, 30.100210636636124], [31.600363629980592, 30.1002106366623], [31.600363629907935, 30.100190790762625], [31.600372967052508, 30.100190790736452]]]}, "properties": {"layer": "bed", "id": "B056", "bed_type": "cot", "size": "2.2 x 0.9 m", "resized": false, "rotated": true, "door": "D3-north", "walk_m": 13.92}}, {"type": "Feature", "geometry": {"type": "Polygon", "coordinates": [[[31.600383341013583, 30.10002390472972], [31.600383341090172, 30.1000437506299], [31.60037400395942, 30.10004375065681], [31.6003740038847, 30.100023904756632], [31.600383341013583, 30.10002390472972]]]}, "properties": {"layer": "bed", "id": "B057", "bed_type": "cot", "size": "2.2 x 0.9 m", "resized": false, "rotated": true, "door": "D1-south", "walk_m": 31.32}}, {"type": "Feature", "geometry": {"type": "Polygon", "coordinates": [[[31.60039371613753, 30.10015921765359], [31.60039371621618, 30.100179063553348], [31.60038437907272, 30.100179063581006], [31.60038437899593, 30.100159217681238], [31.60039371613753, 30.10015921765359]]]}, "properties": {"layer": "bed", "id": "B058", "bed_type": "cot", "size": "2.2 x 0.9 m", "resized": false, "rotated": true, "door": "D2-east", "walk_m": 18.77}}, {"type": "Feature", "geometry": {"type": "Polygon", "coordinates": [[[31.600414465190532, 30.100123134135504], [31.60041446527334, 30.100142980035375], [31.600405128133257, 30.10014298006449], [31.600405128052323, 30.10012313416462], [31.600414465190532, 30.100123134135504]]]}, "properties": {"layer": "bed", "id": "B059", "bed_type": "cot", "size": "2.2 x 0.9 m", "resized": false, "rotated": true, "door": "D2-east", "walk_m": 3.67}}, {"type": "Feature", "geometry": {"type": "Polygon", "coordinates": [[[31.60002593646535, 30.100009471904382], [31.600025936467475, 30.100017590681766], [31.600005187293497, 30.10001759068422], [31.60000518729307, 30.100009471906844], [31.60002593646535, 30.100009471904382]]]}, "properties": {"layer": "bed", "id": "B060", "bed_type": "cot", "size": "2 x 0.9 m", "resized": true, "rotated": false, "door": "D1-south", "walk_m": 6.04}}, {"type": "Feature", "geometry": {"type": "Polygon", "coordinates": [[[31.600025936467702, 30.100018492768132], [31.600025936469827, 30.100026611545488], [31.600005187293966, 30.10002661154795], [31.60000518729354, 30.100018492770587], [31.600025936467702, 30.100018492768132]]]}, "properties": {"layer": "bed", "id": "B061", "bed_type": "cot", "size": "2 x 0.9 m", "resized": true, "rotated": false, "door": "D1-south", "walk_m": 6.04}}, {"type": "Feature", "geometry": {"type": "Polygon", "coordinates": [[[31.600041498355868, 30.100036534491597], [31.600041498359253, 30.10004465326892], [31.60002074917963, 30.10004465327384], [31.60002074917793, 30.100036534496496], [31.600041498355868, 30.100036534491597]]]}, "properties": {"layer": "bed", "id": "B062", "bed_type": "cot", "size": "2 x 0.9 m", "resized": true, "rotated": false, "door": "D4-west", "walk_m": 4.66}}, {"type": "Feature", "geometry": {"type": "Polygon", "coordinates": [[[31.600041498359627, 30.10004555535529], [31.600041498363023, 30.100053674132614], [31.60002074918151, 30.100053674137524], [31.600020749179816, 30.100045555360207], [31.600041498359627, 30.10004555535529]]]}, "properties": {"layer": "bed", "id": "B063", "bed_type": "cot", "size": "2 x 0.9 m", "resized": true, "rotated": false, "door": "D4-west", "walk_m": 4.66}}, {"type": "Feature", "geometry": {"type": "Polygon", "coordinates": [[[31.60004668563763, 30.10000947189865], [31.600046685641452, 30.10001759067602], [31.600025936467475, 30.100017590681766], [31.60002593646535, 30.100009471904382], [31.60004668563763, 30.10000947189865]]]}, "properties": {"layer": "bed", "id": "B064", "bed_type": "cot", "size": "2 x 0.9 m", "resized": true, "rotated": false, "door": "D1-south", "walk_m": 4.04}}, {"type": "Feature", "geometry": {"type": "Polygon", "coordinates": [[[31.60004668564187, 30.100018492762395], [31.600046685645694, 30.100026611539757], [31.600025936469827, 30.100026611545488], [31.600025936467702, 30.100018492768132], [31.60004668564187, 30.100018492762395]]]}, "properties": {"layer": "bed", "id": "B065", "bed_type": "cot", "size": "2 x 0.9 m", "resized": true, "rotated": false, "door": "D1-south", "walk_m": 4.04}}, {"type": "Feature", "geometry": {"type": "Polygon", "coordinates": [[[31.60004668567579, 30.1000906596719], [31.600046685679605, 30.100098778449166], [31.60002593648867, 30.10009877845489], [31.60002593648655, 30.100090659677637], [31.60004668567579, 30.1000906596719]]]}, "properties": {"layer": "bed", "id": "B066", "bed_type": "cot", "size": "2 x 0.9 m", "resized": true, "rotated": false, "door": "D4-west", "walk_m": 3.83}}, {"type": "Feature", "geometry": {"type": "Polygon", "coordinates": [[[31.600057060319628, 30.100176357871796], [31.600057060324293, 30.100184476648963], [31.600036311115463, 30.100184476656334], [31.60003631111249, 30.100176357879167], [31.600057060319628, 30.100176357871796]]]}, "properties": {"layer": "bed", "id": "B067", "bed_type": "cot", "size": "2 x 0.9 m", "resized": true, "rotated": false, "door": "D3-north", "walk_m": 34.76}}, {"type": "Feature", "geometry": {"type": "Polygon", "coordinates": [[[31.600062247533796, 30.10003653448339], [31.600062247538887, 30.100044653260728], [31.600041498359253, 30.10004465326892], [31.600041498355868, 30.100036534491597], [31.600062247533796, 30.10003653448339]]]}, "properties": {"layer": "bed", "id": "B068", "bed_type": "cot", "size": "2 x 0.9 m", "resized": true, "rotated": false, "door": "D4-west", "walk_m": 6.36}}, {"type": "Feature", "geometry": {"type": "Polygon", "coordinates": [[[31.60006224753945, 30.1000455553471], [31.600062247544532, 30.10005367412442], [31.600041498363023, 30.100053674132614], [31.600041498359627, 30.10004555535529], [31.60006224753945, 30.1000455553471]]]}, "properties": {"layer": "bed", "id": "B069", "bed_type": "cot", "size": "2 x 0.9 m", "resized": true, "rotated": false, "door": "D4-west", "walk_m": 6.36}}, {"type": "Feature", "geometry": {"type": "Polygon", "coordinates": [[[31.60006224755076, 30.100063597074474], [31.600062247555844, 30.10007171585178], [31.60004149837056, 30.100071715859972], [31.600041498367172, 30.10006359708266], [31.60006224755076, 30.100063597074474]]]}, "properties": {"layer": "bed", "id": "B070", "bed_type": "cot", "size": "2 x 0.9 m", "resized": true, "rotated": false, "door": "D4-west", "walk_m": 5.29}}, {"type": "Feature", "geometry": {"type": "Polygon", "coordinates": [[[31.60006224755641, 30.100072617938146], [31.600062247561507, 30.100080736715444], [31.600041498374328, 30.100080736723626], [31.60004149837094, 30.100072617946335], [31.60006224755641, 30.100072617938146]]]}, "properties": {"layer": "bed", "id": "B071", "bed_type": "cot", "size": "2 x 0.9 m", "resized": true, "rotated": false, "door": "D4-west", "walk_m": 5.29}}, {"type": "Feature", "geometry": {"type": "Polygon", "coordinates": [[[31.60007780952324, 30.100171847429387], [31.60007780952959, 30.100179966206554], [31.600057060321703, 30.10017996621721], [31.60005706031704, 30.100171847440034], [31.60007780952324, 30.100171847429387]]]}, "properties": {"layer": "bed", "id": "B072", "bed_type": "cot", "size": "2 x 0.9 m", "resized": true, "rotated": false, "door": "D3-north", "walk_m": 29.77}}, {"type": "Feature", "geometry": {"type": "Polygon", "coordinates": [[[31.600082996711738, 30.10003653447193], [31.600082996718513, 30.100044653249267], [31.600062247538887, 30.100044653260728], [31.600062247533796, 30.10003653448339], [31.600082996711738, 30.10003653447193]]]}, "properties": {"layer": "bed", "id": "B073", "bed_type": "cot", "size": "2 x 0.9 m", "resized": true, "rotated": false, "door": "D4-west", "walk_m": 8.36}}, {"type": "Feature", "geometry": {"type": "Polygon", "coordinates": [[[31.60008299671927, 30.10004555533564], [31.600082996726048, 30.100053674112957], [31.600062247544532, 30.10005367412442], [31.60006224753945, 30.1000455553471], [31.60008299671927, 30.10004555533564]]]}, "properties": {"layer": "bed", "id": "B074", "bed_type": "cot", "size": "2 x 0.9 m", "resized": true, "rotated": false, "door": "D1-south", "walk_m": 3.6}}, {"type": "Feature", "geometry": {"type": "Polygon", "coordinates": [[[31.600082996734344, 30.100063597063006], [31.600082996741126, 30.10007171584031], [31.600062247555844, 30.10007171585178], [31.60006224755076, 30.100063597074474], [31.600082996734344, 30.100063597063006]]]}, "properties": {"layer": "bed", "id": "B075", "bed_type": "cot", "size": "2 x 0.9 m", "resized": true, "rotated": false, "door": "D4-west", "walk_m": 7.29}}, {"type": "Feature", "geometry": {"type": "Polygon", "coordinates": [[[31.60008299674189, 30.100072617926685], [31.600082996748668, 30.100080736703976], [31.600062247561507, 30.100080736715444], [31.60006224755641, 30.100072617938146], [31.60008299674189, 30.100072617926685]]]}, "properties": {"layer": "bed", "id": "B076", "bed_type": "cot", "size": "2 x 0.9 m", "resized": true, "rotated": false, "door": "D4-west", "walk_m": 7.29}}, {"type": "Feature", "geometry": {"type": "Polygon", "coordinates": [[[31.600088184078288, 30.10011772224146], [31.600088184085497, 30.100125841018695], [31.600067434888906, 30.10012584103098], [31.600067434883396, 30.100117722253742], [31.600088184078288, 30.10011772224146]]]}, "properties": {"layer": "bed", "id": "B077", "bed_type": "cot", "size": "2 x 0.9 m", "resized": true, "rotated": false, "door": "D4-west", "walk_m": 17.42}}, {"type": "Feature", "geometry": {"type": "Polygon", "coordinates": [[[31.60010374588967, 30.100036534457185], [31.60010374589815, 30.100044653234523], [31.600082996718513, 30.100044653249267], [31.600082996711738, 30.10003653447193], [31.60010374588967, 30.100036534457185]]]}, "properties": {"layer": "bed", "id": "B078", "bed_type": "cot", "size": "2 x 0.9 m", "resized": true, "rotated": false, "door": "D1-south", "walk_m": 4.72}}, {"type": "Feature", "geometry": {"type": "Polygon", "coordinates": [[[31.60010374589909, 30.100045555320897], [31.600103745907564, 30.100053674098213], [31.600082996726048, 30.100053674112957], [31.60008299671927, 30.10004555533564], [31.60010374589909, 30.100045555320897]]]}, "properties": {"layer": "bed", "id": "B079", "bed_type": "cot", "size": "2 x 0.9 m", "resized": true, "rotated": false, "door": "D1-south", "walk_m": 4.72}}, {"type": "Feature", "geometry": {"type": "Polygon", "coordinates": [[[31.600103745917934, 30.10006359704826], [31.600103745926408, 30.10007171582556], [31.600082996741126, 30.10007171584031], [31.600082996734344, 30.100063597063006], [31.600103745917934, 30.10006359704826]]]}, "properties": {"layer": "bed", "id": "B080", "bed_type": "cot", "size": "2 x 0.9 m", "resized": true, "rotated": false, "door": "D4-west", "walk_m": 9.29}}, {"type": "Feature", "geometry": {"type": "Polygon", "coordinates": [[[31.600103745927353, 30.100072617911927], [31.600103745935833, 30.100080736689225], [31.600082996748668, 30.100080736703976], [31.60008299674189, 30.100072617926685], [31.600103745927353, 30.100072617911927]]]}, "properties": {"layer": "bed", "id": "B081", "bed_type": "cot", "size": "2 x 0.9 m", "resized": true, "rotated": false, "door": "D4-west", "walk_m": 9.29}}, {"type": "Feature", "geometry": {"type": "Polygon", "coordinates": [[[31.60010893315447, 30.10000947186179], [31.600108933163376, 30.100017590639165], [31.6000881839894, 30.10001759065472], [31.60008818398219, 30.100009471877353], [31.60010893315447, 30.10000947186179]]]}, "properties": {"layer": "bed", "id": "B082", "bed_type": "cot", "size": "2 x 0.9 m", "resized": true, "rotated": false, "door": "D1-south", "walk_m": 3.04}}, {"type": "Feature", "geometry": {"type": "Polygon", "coordinates": [[[31.600108933164364, 30.100018492725532], [31.600108933173267, 30.100026611502894], [31.600088183997407, 30.10002661151846], [31.600088183990202, 30.100018492741096], [31.600108933164364, 30.100018492725532]]]}, "properties": {"layer": "bed", "id": "B083", "bed_type": "cot", "size": "2 x 0.9 m", "resized": true, "rotated": false, "door": "D1-south", "walk_m": 3.04}}, {"type": "Feature", "geometry": {"type": "Polygon", "coordinates": [[[31.600108933273184, 30.100117722225896], [31.600108933282083, 30.100125841003123], [31.600088184085497, 30.100125841018695], [31.600088184078288, 30.10011772224146], [31.600108933273184, 30.100117722225896]]]}, "properties": {"layer": "bed", "id": "B084", "bed_type": "cot", "size": "2 x 0.9 m", "resized": true, "rotated": false, "door": "D4-west", "walk_m": 15.42}}, {"type": "Feature", "geometry": {"type": "Polygon", "coordinates": [[[31.600124495067597, 30.100036534439162], [31.600124495077775, 30.1000446532165], [31.60010374589815, 30.100044653234523], [31.60010374588967, 30.100036534457185], [31.600124495067597, 30.100036534439162]]]}, "properties": {"layer": "bed", "id": "B085", "bed_type": "cot", "size": "2 x 0.9 m", "resized": true, "rotated": false, "door": "D1-south", "walk_m": 6.72}}, {"type": "Feature", "geometry": {"type": "Polygon", "coordinates": [[[31.600124495078916, 30.100045555302867], [31.600124495089087, 30.100053674080197], [31.600103745907564, 30.100053674098213], [31.60010374589909, 30.100045555320897], [31.600124495078916, 30.100045555302867]]]}, "properties": {"layer": "bed", "id": "B086", "bed_type": "cot", "size": "2 x 0.9 m", "resized": true, "rotated": false, "door": "D1-south", "walk_m": 6.72}}, {"type": "Feature", "geometry": {"type": "Polygon", "coordinates": [[[31.60012449510151, 30.10006359703024], [31.600124495111707, 30.100071715807545], [31.600103745926408, 30.10007171582556], [31.600103745917934, 30.10006359704826], [31.60012449510151, 30.10006359703024]]]}, "properties": {"layer": "bed", "id": "B087", "bed_type": "cot", "size": "2 x 0.9 m", "resized": true, "rotated": false, "door": "D4-west", "walk_m": 11.29}}, {"type": "Feature", "geometry": {"type": "Polygon", "coordinates": [[[31.60012449511282, 30.100072617893904], [31.600124495122998, 30.100080736671202], [31.600103745935833, 30.100080736689225], [31.600103745927353, 30.100072617911927], [31.60012449511282, 30.100072617893904]]]}, "properties": {"layer": "bed", "id": "B088", "bed_type": "cot", "size": "2 x 0.9 m", "resized": true, "rotated": false, "door": "D4-west", "walk_m": 11.29}}, {"type": "Feature", "geometry": {"type": "Polygon", "coordinates": [[[31.600129682326756, 30.10000947184295], [31.600129682337354, 30.10001759062032], [31.600108933163376, 30.100017590639165], [31.60010893315447, 30.10000947186179], [31.600129682326756, 30.10000947184295]]]}, "properties": {"layer": "bed", "id": "B089", "bed_type": "cot", "size": "2 x 0.9 m", "resized": true, "rotated": false, "door": "D1-south", "walk_m": 5.04}}, {"type": "Feature", "geometry": {"type": "Polygon", "coordinates": [[[31.60012968246807, 30.100117722207052], [31.600129682478673, 30.100125840984294], [31.600108933282083, 30.100125841003123], [31.600108933273184, 30.100117722225896], [31.60012968246807, 30.100117722207052]]]}, "properties": {"layer": "bed", "id": "B090", "bed_type": "cot", "size": "2 x 0.9 m", "resized": true, "rotated": false, "door": "D4-west", "walk_m": 14.36}}, {"type": "Feature", "geometry": {"type": "Polygon", "coordinates": [[[31.600140057027357, 30.100090659605545], [31.600140057038807, 30.10009877838281], [31.600119307847873, 30.10009877840329], [31.600119307838128, 30.100090659626023], [31.600140057027357, 30.100090659605545]]]}, "properties": {"layer": "bed", "id": "B091", "bed_type": "cot", "size": "2 x 0.9 m", "resized": true, "rotated": false, "door": "D4-west", "walk_m": 12.83}}, {"type": "Feature", "geometry": {"type": "Polygon", "coordinates": [[[31.60014005704008, 30.100099680469175], [31.60014005705153, 30.10010779924644], [31.600119307858712, 30.100107799266922], [31.600119307848953, 30.100099680489656], [31.60014005704008, 30.100099680469175]]]}, "properties": {"layer": "bed", "id": "B092", "bed_type": "cot", "size": "2 x 0.9 m", "resized": true, "rotated": false, "door": "D4-west", "walk_m": 12.83}}, {"type": "Feature", "geometry": {"type": "Polygon", "coordinates": [[[31.60014524424553, 30.100036534417868], [31.60014524425741, 30.10004465319519], [31.600124495077775, 30.1000446532165], [31.600124495067597, 30.100036534439162], [31.60014524424553, 30.100036534417868]]]}, "properties": {"layer": "bed", "id": "B093", "bed_type": "cot", "size": "2 x 0.9 m", "resized": true, "rotated": false, "door": "D1-south", "walk_m": 8.72}}, {"type": "Feature", "geometry": {"type": "Polygon", "coordinates": [[[31.60014524425873, 30.100045555281575], [31.600145244270596, 30.100053674058895], [31.600124495089087, 30.100053674080197], [31.600124495078916, 30.100045555302867], [31.60014524425873, 30.100045555281575]]]}, "properties": {"layer": "bed", "id": "B094", "bed_type": "cot", "size": "2 x 0.9 m", "resized": true, "rotated": false, "door": "D1-south", "walk_m": 8.72}}, {"type": "Feature", "geometry": {"type": "Polygon", "coordinates": [[[31.600145244285105, 30.10006359700894], [31.600145244296982, 30.100071715786246], [31.600124495111707, 30.100071715807545], [31.60012449510151, 30.10006359703024], [31.600145244285105, 30.10006359700894]]]}, "properties": {"layer": "bed", "id": "B095", "bed_type": "cot", "size": "2 x 0.9 m", "resized": true, "rotated": false, "door": "D4-west", "walk_m": 13.29}}, {"type": "Feature", "geometry": {"type": "Polygon", "coordinates": [[[31.600145244298293, 30.10007261787261], [31.600145244310163, 30.1000807366499], [31.600124495122998, 30.100080736671202], [31.60012449511282, 30.100072617893904], [31.600145244298293, 30.10007261787261]]]}, "properties": {"layer": "bed", "id": "B096", "bed_type": "cot", "size": "2 x 0.9 m", "resized": true, "rotated": false, "door": "D4-west", "walk_m": 13.29}}, {"type": "Feature", "geometry": {"type": "Polygon", "coordinates": [[[31.60014524445657, 30.10018086823567], [31.60014524446844, 30.100188987012828], [31.600124495258665, 30.10018898703412], [31.60012449524849, 30.100180868256967], [31.60014524445657, 30.10018086823567]]]}, "properties": {"layer": "bed", "id": "B097", "bed_type": "cot", "size": "2 x 0.9 m", "resized": true, "rotated": false, "door": "D3-north", "walk_m": 23.5}}, {"type": "Feature", "geometry": {"type": "Polygon", "coordinates": [[[31.600150431662968, 30.100117722184937], [31.600150431675264, 30.10012584096217], [31.600129682478673, 30.100125840984294], [31.60012968246807, 30.100117722207052], [31.600150431662968, 30.100117722184937]]]}, "properties": {"layer": "bed", "id": "B098", "bed_type": "cot", "size": "2 x 0.9 m", "resized": true, "rotated": false, "door": "D4-west", "walk_m": 16.36}}, {"type": "Feature", "geometry": {"type": "Polygon", "coordinates": [[[31.600160806216596, 30.10009065958179], [31.600160806229745, 30.100098778359055], [31.600140057038807, 30.10009877838281], [31.600140057027357, 30.100090659605545], [31.600160806216596, 30.10009065958179]]]}, "properties": {"layer": "bed", "id": "B099", "bed_type": "cot", "size": "2 x 0.9 m", "resized": true, "rotated": false, "door": "D4-west", "walk_m": 14.83}}, {"type": "Feature", "geometry": {"type": "Polygon", "coordinates": [[[31.600165993423467, 30.100036534393286], [31.600165993437034, 30.100044653170624], [31.60014524425741, 30.10004465319519], [31.60014524424553, 30.100036534417868], [31.600165993423467, 30.100036534393286]]]}, "properties": {"layer": "bed", "id": "B100", "bed_type": "cot", "size": "2 x 0.9 m", "resized": true, "rotated": false, "door": "D1-south", "walk_m": 10.72}}, {"type": "Feature", "geometry": {"type": "Polygon", "coordinates": [[[31.60016599343854, 30.100045555256997], [31.600165993452105, 30.10005367403432], [31.600145244270596, 30.100053674058895], [31.60014524425873, 30.100045555281575], [31.60016599343854, 30.100045555256997]]]}, "properties": {"layer": "bed", "id": "B101", "bed_type": "cot", "size": "2 x 0.9 m", "resized": true, "rotated": false, "door": "D1-south", "walk_m": 10.72}}, {"type": "Feature", "geometry": {"type": "Polygon", "coordinates": [[[31.60016599346869, 30.10006359698437], [31.600165993482257, 30.10007171576167], [31.600145244296982, 30.100071715786246], [31.600145244285105, 30.10006359700894], [31.60016599346869, 30.10006359698437]]]}, "properties": {"layer": "bed", "id": "B102", "bed_type": "cot", "size": "2 x 0.9 m", "resized": true, "rotated": false, "door": "D4-west", "walk_m": 15.29}}, {"type": "Feature", "geometry": {"type": "Polygon", "coordinates": [[[31.60016599348377, 30.100072617848035], [31.60016599349732, 30.100080736625323], [31.600145244310163, 30.1000807366499], [31.600145244298293, 30.10007261787261], [31.60016599348377, 30.100072617848035]]]}, "properties": {"layer": "bed", "id": "B103", "bed_type": "cot", "size": "2 x 0.9 m", "resized": true, "rotated": false, "door": "D4-west", "walk_m": 15.29}}, {"type": "Feature", "geometry": {"type": "Polygon", "coordinates": [[[31.600165993574198, 30.100126743029787], [31.600165993587773, 30.100134861807014], [31.6001452443893, 30.100134861831595], [31.60014524437743, 30.10012674305437], [31.600165993574198, 30.100126743029787]]]}, "properties": {"layer": "bed", "id": "B104", "bed_type": "cot", "size": "2 x 0.9 m", "resized": true, "rotated": false, "door": "D4-west", "walk_m": 17.86}}, {"type": "Feature", "geometry": {"type": "Polygon", "coordinates": [[[31.600165993664653, 30.100180868211098], [31.600165993678218, 30.10018898698825], [31.60014524446844, 30.100188987012828], [31.60014524445657, 30.10018086823567], [31.600165993664653, 30.100180868211098]]]}, "properties": {"layer": "bed", "id": "B105", "bed_type": "cot", "size": "2 x 0.9 m", "resized": true, "rotated": false, "door": "D2-east", "walk_m": 29.02}}, {"type": "Feature", "geometry": {"type": "Polygon", "coordinates": [[[31.600165993694798, 30.1001989099381], [31.600165993708362, 30.100207028715225], [31.60014524449482, 30.100207028739806], [31.60014524448295, 30.10019890996267], [31.600165993694798, 30.1001989099381]]]}, "properties": {"layer": "bed", "id": "B106", "bed_type": "cot", "size": "2 x 0.9 m", "resized": true, "rotated": false, "door": "D3-north", "walk_m": 8.91}}, {"type": "Feature", "geometry": {"type": "Polygon", "coordinates": [[[31.60016599370987, 30.10020793080158], [31.600165993723436, 30.100216049578695], [31.600145244508006, 30.100216049603276], [31.600145244496133, 30.100207930826155], [31.60016599370987, 30.10020793080158]]]}, "properties": {"layer": "bed", "id": "B107", "bed_type": "cot", "size": "2 x 0.9 m", "resized": true, "rotated": false, "door": "D3-north", "walk_m": 8.91}}, {"type": "Feature", "geometry": {"type": "Polygon", "coordinates": [[[31.600165993740013, 30.100225972528506], [31.60016599375358, 30.10023409130561], [31.600145244534385, 30.100234091330186], [31.600145244522515, 30.100225972553087], [31.600165993740013, 30.100225972528506]]]}, "properties": {"layer": "bed", "id": "B108", "bed_type": "cot", "size": "2 x 0.9 m", "resized": true, "rotated": false, "door": "D3-north", "walk_m": 8.87}}, {"type": "Feature", "geometry": {"type": "Polygon", "coordinates": [[[31.60017118085785, 30.100117722159535], [31.60017118087185, 30.100125840936776], [31.600150431675264, 30.10012584096217], [31.600150431662968, 30.100117722184937], [31.60017118085785, 30.100117722159535]]]}, "properties": {"layer": "bed", "id": "B109", "bed_type": "cot", "size": "2 x 0.9 m", "resized": true, "rotated": false, "door": "D2-east", "walk_m": 27.24}}, {"type": "Feature", "geometry": {"type": "Polygon", "coordinates": [[[31.60018674260141, 30.100036534365437], [31.60018674261666, 30.100044653142763], [31.600165993437034, 30.100044653170624], [31.600165993423467, 30.100036534393286], [31.60018674260141, 30.100036534365437]]]}, "properties": {"layer": "bed", "id": "B110", "bed_type": "cot", "size": "2 x 0.9 m", "resized": true, "rotated": false, "door": "D1-south", "walk_m": 12.72}}, {"type": "Feature", "geometry": {"type": "Polygon", "coordinates": [[[31.600186742669237, 30.100072617820185], [31.600186742684496, 30.10008073659748], [31.60016599349732, 30.100080736625323], [31.60016599348377, 30.100072617848035], [31.600186742669237, 30.100072617820185]]]}, "properties": {"layer": "bed", "id": "B111", "bed_type": "cot", "size": "2 x 0.9 m", "resized": true, "rotated": false, "door": "D4-west", "walk_m": 16.92}}, {"type": "Feature", "geometry": {"type": "Polygon", "coordinates": [[[31.60018674277098, 30.100126743001937], [31.600186742786242, 30.10013486177916], [31.600165993587773, 30.100134861807014], [31.600165993574198, 30.100126743029787], [31.60018674277098, 30.100126743001937]]]}, "properties": {"layer": "bed", "id": "B112", "bed_type": "cot", "size": "2 x 0.9 m", "resized": true, "rotated": false, "door": "D2-east", "walk_m": 25.74}}, {"type": "Feature", "geometry": {"type": "Polygon", "coordinates": [[[31.600186742872733, 30.10018086818324], [31.600186742887995, 30.1001889869604], [31.600165993678218, 30.10018898698825], [31.600165993664653, 30.100180868211098], [31.600186742872733, 30.10018086818324]]]}, "properties": {"layer": "bed", "id": "B113", "bed_type": "cot", "size": "2 x 0.9 m", "resized": true, "rotated": false, "door": "D2-east", "walk_m": 28.52}}, {"type": "Feature", "geometry": {"type": "Polygon", "coordinates": [[[31.600186742906644, 30.10019890991025], [31.600186742921913, 30.10020702868738], [31.600165993708362, 30.100207028715225], [31.600165993694798, 30.1001989099381], [31.600186742906644, 30.10019890991025]]]}, "properties": {"layer": "bed", "id": "B114", "bed_type": "cot", "size": "2 x 0.9 m", "resized": true, "rotated": false, "door": "D3-north", "walk_m": 6.91}}, {"type": "Feature", "geometry": {"type": "Polygon", "coordinates": [[[31.600186742923604, 30.10020793077373], [31.600186742938863, 30.100216049550852], [31.600165993723436, 30.100216049578695], [31.60016599370987, 30.10020793080158], [31.600186742923604, 30.10020793077373]]]}, "properties": {"layer": "bed", "id": "B115", "bed_type": "cot", "size": "2 x 0.9 m", "resized": true, "rotated": false, "door": "D3-north", "walk_m": 6.91}}, {"type": "Feature", "geometry": {"type": "Polygon", "coordinates": [[[31.600186742957522, 30.10022597250066], [31.60018674297278, 30.100234091277752], [31.60016599375358, 30.10023409130561], [31.600165993740013, 30.100225972528506], [31.600186742957522, 30.10022597250066]]]}, "properties": {"layer": "bed", "id": "B116", "bed_type": "cot", "size": "2 x 0.9 m", "resized": true, "rotated": false, "door": "D3-north", "walk_m": 6.87}}, {"type": "Feature", "geometry": {"type": "Polygon", "coordinates": [[[31.60022305360202, 30.10000947171762], [31.60022305362025, 30.10001759049499], [31.600202304446274, 30.100017590528577], [31.60020230442974, 30.100009471751207], [31.60022305360202, 30.10000947171762]]]}, "properties": {"layer": "bed", "id": "B117", "bed_type": "cot", "size": "2 x 0.9 m", "resized": true, "rotated": false, "door": "D1-south", "walk_m": 14.04}}, {"type": "Feature", "geometry": {"type": "Polygon", "coordinates": [[[31.60022305362228, 30.100018492581363], [31.600223053640505, 30.100026611358725], [31.600202304464645, 30.100026611392302], [31.60020230444811, 30.100018492614943], [31.60022305362228, 30.100018492581363]]]}, "properties": {"layer": "bed", "id": "B118", "bed_type": "cot", "size": "2 x 0.9 m", "resized": true, "rotated": false, "door": "D1-south", "walk_m": 14.04}}, {"type": "Feature", "geometry": {"type": "Polygon", "coordinates": [[[31.60022305390585, 30.10014478467246], [31.600223053924083, 30.10015290344967], [31.600202304721837, 30.10015290348325], [31.600202304705302, 30.10014478470605], [31.60022305390585, 30.10014478467246]]]}, "properties": {"layer": "bed", "id": "B119", "bed_type": "cot", "size": "2 x 0.9 m", "resized": true, "rotated": false, "door": "D2-east", "walk_m": 22.28}}, {"type": "Feature", "geometry": {"type": "Polygon", "coordinates": [[[31.600223054047635, 30.100207930717104], [31.600223054065864, 30.100216049494225], [31.600202304850438, 30.100216049527805], [31.6002023048339, 30.100207930750692], [31.600223054047635, 30.100207930717104]]]}, "properties": {"layer": "bed", "id": "B120", "bed_type": "cot", "size": "2 x 0.9 m", "resized": true, "rotated": false, "door": "D3-north", "walk_m": 3.41}}, {"type": "Feature", "geometry": {"type": "Polygon", "coordinates": [[[31.60022305408814, 30.100225972444026], [31.600223054106372, 30.100234091221125], [31.60020230488718, 30.100234091254713], [31.60020230487065, 30.100225972477617], [31.60022305408814, 30.100225972444026]]]}, "properties": {"layer": "bed", "id": "B121", "bed_type": "cot", "size": "2 x 0.9 m", "resized": true, "rotated": false, "door": "D3-north", "walk_m": 1.54}}, {"type": "Feature", "geometry": {"type": "Polygon", "coordinates": [[[31.60023342825175, 30.10003653429079], [31.600233428270826, 30.100044653068128], [31.6002126790912, 30.100044653103357], [31.600212679073824, 30.10003653432602], [31.60023342825175, 30.10003653429079]]]}, "properties": {"layer": "bed", "id": "B122", "bed_type": "cot", "size": "2 x 0.9 m", "resized": true, "rotated": false, "door": "D1-south", "walk_m": 17.22}}, {"type": "Feature", "geometry": {"type": "Polygon", "coordinates": [[[31.600243802774298, 30.100009471680757], [31.60024380279423, 30.100017590458126], [31.60022305362025, 30.10001759049499], [31.60022305360202, 30.10000947171762], [31.600243802774298, 30.100009471680757]]]}, "properties": {"layer": "bed", "id": "B123", "bed_type": "cot", "size": "2 x 0.9 m", "resized": true, "rotated": false, "door": "D1-south", "walk_m": 16.04}}, {"type": "Feature", "geometry": {"type": "Polygon", "coordinates": [[[31.600243802796435, 30.100018492544496], [31.600243802816365, 30.100026611321862], [31.600223053640505, 30.100026611358725], [31.60022305362228, 30.100018492581363], [31.600243802796435, 30.100018492544496]]]}, "properties": {"layer": "bed", "id": "B124", "bed_type": "cot", "size": "2 x 0.9 m", "resized": true, "rotated": false, "door": "D1-south", "walk_m": 16.04}}, {"type": "Feature", "geometry": {"type": "Polygon", "coordinates": [[[31.600248990429144, 30.100153805489427], [31.60024899044948, 30.10016192426662], [31.600228241245368, 30.100161924304302], [31.600228241226713, 30.10015380552711], [31.600248990429144, 30.100153805489427]]]}, "properties": {"layer": "bed", "id": "B125", "bed_type": "cot", "size": "2 x 0.9 m", "resized": true, "rotated": false, "door": "D2-east", "walk_m": 19.78}}, {"type": "Feature", "geometry": {"type": "Polygon", "coordinates": [[[31.600254177845155, 30.1001989097971], [31.600254177865924, 30.100207028574232], [31.600233428652388, 30.100207028612736], [31.600233428633302, 30.1001989098356], [31.600254177845155, 30.1001989097971]]]}, "properties": {"layer": "bed", "id": "B126", "bed_type": "cot", "size": "2 x 0.9 m", "resized": true, "rotated": false, "door": "D3-north", "walk_m": 2.71}}, {"type": "Feature", "geometry": {"type": "Polygon", "coordinates": [[[31.600264551946584, 30.100009471640618], [31.600264551968205, 30.100017590417988], [31.60024380279423, 30.100017590458126], [31.600243802774298, 30.100009471680757], [31.600264551946584, 30.100009471640618]]]}, "properties": {"layer": "bed", "id": "B127", "bed_type": "cot", "size": "2 x 0.9 m", "resized": true, "rotated": false, "door": "D1-south", "walk_m": 18.04}}, {"type": "Feature", "geometry": {"type": "Polygon", "coordinates": [[[31.600264551970604, 30.10001849250436], [31.600264551992225, 30.10002661128172], [31.600243802816365, 30.100026611321862], [31.600243802796435, 30.100018492544496], [31.600264551970604, 30.10001849250436]]]}, "properties": {"layer": "bed", "id": "B128", "bed_type": "cot", "size": "2 x 0.9 m", "resized": true, "rotated": false, "door": "D1-south", "walk_m": 18.04}}, {"type": "Feature", "geometry": {"type": "Polygon", "coordinates": [[[31.600269739631567, 30.100153805448468], [31.60026973965361, 30.100161924225667], [31.60024899044948, 30.10016192426662], [31.600248990429144, 30.100153805489427], [31.600269739631567, 30.100153805448468]]]}, "properties": {"layer": "bed", "id": "B129", "bed_type": "cot", "size": "2 x 0.9 m", "resized": true, "rotated": false, "door": "D2-east", "walk_m": 17.78}}, {"type": "Feature", "geometry": {"type": "Polygon", "coordinates": [[[31.600274927057004, 30.100198909755314], [31.600274927079468, 30.100207028532452], [31.600254177865924, 30.100207028574232], [31.600254177845155, 30.1001989097971], [31.600274927057004, 30.100198909755314]]]}, "properties": {"layer": "bed", "id": "B130", "bed_type": "cot", "size": "2 x 0.9 m", "resized": true, "rotated": false, "door": "D3-north", "walk_m": 3.41}}, {"type": "Feature", "geometry": {"type": "Polygon", "coordinates": [[[31.600274927081966, 30.1002079306188], [31.600274927104433, 30.10021604939592], [31.600254177889006, 30.1002160494377], [31.600254177868237, 30.10020793066058], [31.600274927081966, 30.1002079306188]]]}, "properties": {"layer": "bed", "id": "B131", "bed_type": "cot", "size": "2 x 0.9 m", "resized": true, "rotated": false, "door": "D3-north", "walk_m": 3.41}}, {"type": "Feature", "geometry": {"type": "Polygon", "coordinates": [[[31.60028011430909, 30.100180868017357], [31.60028011433199, 30.10018898679452], [31.600259365122213, 30.10018898683711], [31.600259365101017, 30.100180868059958], [31.60028011430909, 30.100180868017357]]]}, "properties": {"layer": "bed", "id": "B132", "bed_type": "cot", "size": "2 x 0.9 m", "resized": true, "rotated": false, "door": "D2-east", "walk_m": 19.31}}, {"type": "Feature", "geometry": {"type": "Polygon", "coordinates": [[[31.600285301118863, 30.1000094715972], [31.600285301142183, 30.100017590374566], [31.600264551968205, 30.100017590417988], [31.600264551946584, 30.100009471640618], [31.600285301118863, 30.1000094715972]]]}, "properties": {"layer": "bed", "id": "B133", "bed_type": "cot", "size": "2 x 0.9 m", "resized": true, "rotated": false, "door": "D1-south", "walk_m": 20.04}}, {"type": "Feature", "geometry": {"type": "Polygon", "coordinates": [[[31.600285301144773, 30.10001849246094], [31.600285301168086, 30.1000266112383], [31.600264551992225, 30.10002661128172], [31.600264551970604, 30.10001849250436], [31.600285301144773, 30.10001849246094]]]}, "properties": {"layer": "bed", "id": "B134", "bed_type": "cot", "size": "2 x 0.9 m", "resized": true, "rotated": false, "door": "D1-south", "walk_m": 20.04}}, {"type": "Feature", "geometry": {"type": "Polygon", "coordinates": [[[31.600285301455664, 30.100126742824894], [31.600285301478976, 30.10013486160211], [31.60026455228051, 30.10013486164554], [31.60026455225889, 30.10012674286831], [31.600285301455664, 30.100126742824894]]]}, "properties": {"layer": "bed", "id": "B135", "bed_type": "cot", "size": "2 x 0.9 m", "resized": true, "rotated": false, "door": "D2-east", "walk_m": 12.25}}, {"type": "Feature", "geometry": {"type": "Polygon", "coordinates": [[[31.600285301585195, 30.100171847142672], [31.600285301608523, 30.10017996591985], [31.600264552400635, 30.100179965963267], [31.600264552379006, 30.100171847186086], [31.600285301585195, 30.100171847142672]]]}, "properties": {"layer": "bed", "id": "B136", "bed_type": "cot", "size": "2 x 0.9 m", "resized": true, "rotated": false, "door": "D2-east", "walk_m": 18.81}}, {"type": "Feature", "geometry": {"type": "Polygon", "coordinates": [[[31.600290488834, 30.100153805404233], [31.600290488857745, 30.10016192418143], [31.60026973965361, 30.100161924225667], [31.600269739631567, 30.100153805448468], [31.600290488834, 30.100153805404233]]]}, "properties": {"layer": "bed", "id": "B137", "bed_type": "cot", "size": "2 x 0.9 m", "resized": true, "rotated": false, "door": "D2-east", "walk_m": 15.78}}, {"type": "Feature", "geometry": {"type": "Polygon", "coordinates": [[[31.600295675785553, 30.10003653416545], [31.60029567580972, 30.10004465294278], [31.600274926630085, 30.100044652987844], [31.600274926607618, 30.100036534210513], [31.600295675785553, 30.10003653416545]]]}, "properties": {"layer": "bed", "id": "B138", "bed_type": "cot", "size": "2 x 0.9 m", "resized": true, "rotated": false, "door": "D1-south", "walk_m": 23.22}}, {"type": "Feature", "geometry": {"type": "Polygon", "coordinates": [[[31.60030086351717, 30.10018086797149], [31.60030086354176, 30.100188986748645], [31.60028011433199, 30.10018898679452], [31.60028011430909, 30.100180868017357], [31.60030086351717, 30.10018086797149]]]}, "properties": {"layer": "bed", "id": "B139", "bed_type": "cot", "size": "2 x 0.9 m", "resized": true, "rotated": false, "door": "D2-east", "walk_m": 17.31}}, {"type": "Feature", "geometry": {"type": "Polygon", "coordinates": [[[31.60030605029114, 30.100009471550507], [31.600306050316153, 30.100017590327877], [31.600285301142183, 30.100017590374566], [31.600285301118863, 30.1000094715972], [31.60030605029114, 30.100009471550507]]]}, "properties": {"layer": "bed", "id": "B140", "bed_type": "cot", "size": "2 x 0.9 m", "resized": true, "rotated": false, "door": "D1-south", "walk_m": 22.04}}, {"type": "Feature", "geometry": {"type": "Polygon", "coordinates": [[[31.600306050318935, 30.100018492414243], [31.600306050343946, 30.100026611191613], [31.600285301168086, 30.1000266112383], [31.600285301144773, 30.10001849246094], [31.600306050318935, 30.100018492414243]]]}, "properties": {"layer": "bed", "id": "B141", "bed_type": "cot", "size": "2 x 0.9 m", "resized": true, "rotated": false, "door": "D1-south", "walk_m": 22.04}}, {"type": "Feature", "geometry": {"type": "Polygon", "coordinates": [[[31.60030605065244, 30.100126742778205], [31.600306050677453, 30.100134861555425], [31.600285301478976, 30.10013486160211], [31.600285301455664, 30.100126742824894], [31.60030605065244, 30.100126742778205]]]}, "properties": {"layer": "bed", "id": "B142", "bed_type": "cot", "size": "2 x 0.9 m", "resized": true, "rotated": false, "door": "D2-east", "walk_m": 11.75}}, {"type": "Feature", "geometry": {"type": "Polygon", "coordinates": [[[31.60032161260844, 30.100144784468192], [31.60032161263472, 30.100152903245387], [31.600300863432473, 30.100152903294532], [31.60030086340789, 30.10014478451733], [31.60032161260844, 30.100144784468192]]]}, "properties": {"layer": "bed", "id": "B143", "bed_type": "cot", "size": "2 x 0.9 m", "resized": true, "rotated": false, "door": "D2-east", "walk_m": 12.78}}, {"type": "Feature", "geometry": {"type": "Polygon", "coordinates": [[[31.60032679946342, 30.10000947150054], [31.60032679949013, 30.100017590277904], [31.600306050316153, 30.100017590327877], [31.60030605029114, 30.100009471550507], [31.60032679946342, 30.10000947150054]]]}, "properties": {"layer": "bed", "id": "B144", "bed_type": "cot", "size": "2 x 0.9 m", "resized": true, "rotated": false, "door": "D1-south", "walk_m": 24.04}}, {"type": "Feature", "geometry": {"type": "Polygon", "coordinates": [[[31.600326799493104, 30.100018492364278], [31.600326799519806, 30.10002661114164], [31.600306050343946, 30.100026611191613], [31.600306050318935, 30.100018492414243], [31.600326799493104, 30.100018492364278]]]}, "properties": {"layer": "bed", "id": "B145", "bed_type": "cot", "size": "2 x 0.9 m", "resized": true, "rotated": false, "door": "D1-south", "walk_m": 24.04}}, {"type": "Feature", "geometry": {"type": "Polygon", "coordinates": [[[31.60032679981954, 30.100117721864635], [31.600326799846247, 30.100125840641862], [31.60030605064966, 30.10012584069184], [31.600306050624642, 30.100117721914607], [31.60032679981954, 30.100117721864635]]]}, "properties": {"layer": "bed", "id": "B146", "bed_type": "cot", "size": "2 x 0.9 m", "resized": true, "rotated": false, "door": "D2-east", "walk_m": 9.75}}, {"type": "Feature", "geometry": {"type": "Polygon", "coordinates": [[[31.600326799849217, 30.100126742728232], [31.600326799875933, 30.100134861505452], [31.600306050677453, 30.100134861555425], [31.60030605065244, 30.100126742778205], [31.600326799849217, 30.100126742728232]]]}, "properties": {"layer": "bed", "id": "B147", "bed_type": "cot", "size": "2 x 0.9 m", "resized": true, "rotated": false, "door": "D2-east", "walk_m": 9.75}}, {"type": "Feature", "geometry": {"type": "Polygon", "coordinates": [[[31.600337174600707, 30.1001718470198], [31.600337174628255, 30.100179965796972], [31.600316425420367, 30.100179965848582], [31.600316425394496, 30.100171847071408], [31.600337174600707, 30.1001718470198]]]}, "properties": {"layer": "bed", "id": "B148", "bed_type": "cot", "size": "2 x 0.9 m", "resized": true, "rotated": false, "door": "D2-east", "walk_m": 14.05}}, {"type": "Feature", "geometry": {"type": "Polygon", "coordinates": [[[31.600342361435903, 30.100036534052094], [31.60034236146388, 30.10004465282944], [31.600321612284255, 30.100044652881863], [31.600321612257968, 30.10003653410453], [31.600342361435903, 30.100036534052094]]]}, "properties": {"layer": "bed", "id": "B149", "bed_type": "cot", "size": "2 x 0.9 m", "resized": true, "rotated": false, "door": "D1-south", "walk_m": 27.72}}, {"type": "Feature", "geometry": {"type": "Polygon", "coordinates": [[[31.600347548667266, 30.100018492311037], [31.600347548695666, 30.1000266110884], [31.600326799519806, 30.10002661114164], [31.600326799493104, 30.100018492364278], [31.600347548667266, 30.100018492311037]]]}, "properties": {"layer": "bed", "id": "B150", "bed_type": "cot", "size": "2 x 0.9 m", "resized": true, "rotated": false, "door": "D1-south", "walk_m": 25.91}}, {"type": "Feature", "geometry": {"type": "Polygon", "coordinates": [[[31.600347549014426, 30.100117721811387], [31.600347549042837, 30.10012584058863], [31.600326799846247, 30.100125840641862], [31.60032679981954, 30.100117721864635], [31.600347549014426, 30.100117721811387]]]}, "properties": {"layer": "bed", "id": "B151", "bed_type": "cot", "size": "2 x 0.9 m", "resized": true, "rotated": false, "door": "D2-east", "walk_m": 7.75}}, {"type": "Feature", "geometry": {"type": "Polygon", "coordinates": [[[31.600347549045985, 30.100126742674977], [31.600347549074392, 30.100134861452204], [31.600326799875933, 30.100134861505452], [31.600326799849217, 30.100126742728232], [31.600347549045985, 30.100126742674977]]]}, "properties": {"layer": "bed", "id": "B152", "bed_type": "cot", "size": "2 x 0.9 m", "resized": true, "rotated": false, "door": "D2-east", "walk_m": 7.75}}, {"type": "Feature", "geometry": {"type": "Polygon", "coordinates": [[[31.60035792380689, 30.100171846964912], [31.600357923836146, 30.100179965742083], [31.600337174628255, 30.100179965796972], [31.600337174600707, 30.1001718470198], [31.60035792380689, 30.100171846964912]]]}, "properties": {"layer": "bed", "id": "B153", "bed_type": "cot", "size": "2 x 0.9 m", "resized": true, "rotated": false, "door": "D3-north", "walk_m": 13.86}}, {"type": "Feature", "geometry": {"type": "Polygon", "coordinates": [[[31.60036829820932, 30.10011772175486], [31.60036829823942, 30.100125840532097], [31.600347549042837, 30.10012584058863], [31.600347549014426, 30.100117721811387], [31.60036829820932, 30.10011772175486]]]}, "properties": {"layer": "bed", "id": "B154", "bed_type": "cot", "size": "2 x 0.9 m", "resized": true, "rotated": false, "door": "D2-east", "walk_m": 5.75}}, {"type": "Feature", "geometry": {"type": "Polygon", "coordinates": [[[31.600368298242767, 30.100126742618464], [31.60036829827287, 30.10013486139568], [31.600347549074392, 30.100134861452204], [31.600347549045985, 30.100126742674977], [31.600368298242767, 30.100126742618464]]]}, "properties": {"layer": "bed", "id": "B155", "bed_type": "cot", "size": "2 x 0.9 m", "resized": true, "rotated": false, "door": "D2-east", "walk_m": 5.75}}, {"type": "Feature", "geometry": {"type": "Polygon", "coordinates": [[[31.600040979676475, 30.100157865107562], [31.60004097968391, 30.100175906834632], [31.600031642540742, 30.100175906837208], [31.600031642534997, 30.100157865110138], [31.600040979676475, 30.100157865107562]]]}, "properties": {"layer": "bed", "id": "B156", "bed_type": "cot", "size": "2 x 0.9 m", "resized": true, "rotated": true, "door": "D3-north", "walk_m": 34.54}}, {"type": "Feature", "geometry": {"type": "Polygon", "coordinates": [[[31.60005654149421, 30.10000902085159], [31.60005654150448, 30.10002706257907], [31.600047204375294, 30.100027062582754], [31.60004720436672, 30.100009020855282], [31.60005654149421, 30.10000902085159]]]}, "properties": {"layer": "bed", "id": "B157", "bed_type": "cot", "size": "2 x 0.9 m", "resized": true, "rotated": true, "door": "D1-south", "walk_m": 2.41}}, {"type": "Feature", "geometry": {"type": "Polygon", "coordinates": [[[31.600066916195754, 30.100180417255732], [31.600066916207908, 30.10019845898274], [31.60005757906262, 30.100198458987162], [31.600057579052162, 30.10018041726016], [31.600066916195754, 30.100180417255732]]]}, "properties": {"layer": "bed", "id": "B158", "bed_type": "cot", "size": "2 x 0.9 m", "resized": true, "rotated": true, "door": "D3-north", "walk_m": 29.77}}, {"type": "Feature", "geometry": {"type": "Polygon", "coordinates": [[[31.600087665395787, 30.100171396380006], [31.600087665411706, 30.100189438107034], [31.600078328267266, 30.100189438112935], [31.600078328253037, 30.100171396385907], [31.600087665395787, 30.100171396380006]]]}, "properties": {"layer": "bed", "id": "B159", "bed_type": "cot", "size": "2 x 0.9 m", "resized": true, "rotated": true, "door": "D3-north", "walk_m": 28.77}}, {"type": "Feature", "geometry": {"type": "Polygon", "coordinates": [[[31.600108414513276, 30.10009020859228], [31.600108414532972, 30.100108250319536], [31.600099077396163, 30.100108250326908], [31.60009907737817, 30.100090208599653], [31.600108414513276, 30.10009020859228]]]}, "properties": {"layer": "bed", "id": "B160", "bed_type": "cot", "size": "2 x 0.9 m", "resized": true, "rotated": true, "door": "D4-west", "walk_m": 9.43}}, {"type": "Feature", "geometry": {"type": "Polygon", "coordinates": [[[31.60016547490364, 30.10016237544152], [31.600165474933693, 30.100180417168566], [31.600156137790094, 30.100180417179995], [31.600156137761743, 30.100162375452935], [31.60016547490364, 30.10016237544152]]]}, "properties": {"layer": "bed", "id": "B161", "bed_type": "cot", "size": "2 x 0.9 m", "resized": true, "rotated": true, "door": "D2-east", "walk_m": 28.98}}, {"type": "Feature", "geometry": {"type": "Polygon", "coordinates": [[[31.600284782931336, 30.100198458691153], [31.600284782983064, 30.10021650041811], [31.600275445836072, 30.10021650043801], [31.600275445786046, 30.100198458711056], [31.600284782931336, 30.100198458691153]]]}, "properties": {"layer": "bed", "id": "B162", "bed_type": "cot", "size": "2 x 0.9 m", "resized": true, "rotated": true, "door": "D3-north", "walk_m": 7.24}}, {"type": "Feature", "geometry": {"type": "Polygon", "coordinates": [[[31.60031071930495, 30.10015335431477], [31.60031071936138, 30.100171396041848], [31.600301382218635, 30.100171396063597], [31.600301382163906, 30.100153354336523], [31.60031071930495, 30.10015335431477]]]}, "properties": {"layer": "bed", "id": "B163", "bed_type": "cot", "size": "2 x 0.9 m", "resized": true, "rotated": true, "door": "D2-east", "walk_m": 13.45}}, {"type": "Feature", "geometry": {"type": "Polygon", "coordinates": [[[31.60032109390612, 30.100153354289827], [31.60032109396443, 30.100171396016908], [31.60031175682169, 30.100171396039393], [31.60031175676507, 30.100153354312308], [31.60032109390612, 30.100153354289827]]]}, "properties": {"layer": "bed", "id": "B164", "bed_type": "cot", "size": "2 x 0.9 m", "resized": true, "rotated": true, "door": "D2-east", "walk_m": 13.45}}, {"type": "Feature", "geometry": {"type": "Polygon", "coordinates": [[[31.60034702987331, 30.09999999954172], [31.600347029936334, 30.100018041269223], [31.600337692808004, 30.10001804129354], [31.60033769274667, 30.099999999566048], [31.60034702987331, 30.09999999954172]]]}, "properties": {"layer": "bed", "id": "B165", "bed_type": "cot", "size": "2 x 0.9 m", "resized": true, "rotated": true, "door": "D1-south", "walk_m": 25.81}}, {"type": "Feature", "geometry": {"type": "Polygon", "coordinates": [[[31.600356367344588, 30.100096071715086], [31.600356367383423, 30.10010689675144], [31.60033354327153, 30.10010689681135], [31.60033354323519, 30.100096071775006], [31.600356367344588, 30.100096071715086]]]}, "properties": {"layer": "bed", "id": "B166", "bed_type": "medical", "size": "2.2 x 1.2 m", "resized": false, "rotated": false, "door": "D2-east", "walk_m": 6.91}}, {"type": "Feature", "geometry": {"type": "Polygon", "coordinates": [[[31.600356367522572, 30.100145686464867], [31.600356367561414, 30.100156511501133], [31.600333543438122, 30.100156511561057], [31.600333543401774, 30.100145686524787], [31.600356367522572, 30.100145686464867]]]}, "properties": {"layer": "bed", "id": "B167", "bed_type": "medical", "size": "2.2 x 1.2 m", "resized": false, "rotated": false, "door": "D2-east", "walk_m": 9.48}}, {"type": "Feature", "geometry": {"type": "Polygon", "coordinates": [[[31.60039267853471, 30.100123134202416], [31.600392678577503, 30.10013395923873], [31.600369854459395, 30.100133959304955], [31.600369854419093, 30.10012313426865], [31.60039267853471, 30.100123134202416]]]}, "properties": {"layer": "bed", "id": "B168", "bed_type": "medical", "size": "2.2 x 1.2 m", "resized": false, "rotated": false, "door": "D2-east", "walk_m": 3.66}}, {"type": "Feature", "geometry": {"type": "Polygon", "coordinates": [[[31.600408240524406, 30.100145686313937], [31.600408240568896, 30.100156511350196], [31.60038541644561, 30.100156511419133], [31.600385416403608, 30.100145686382866], [31.600408240524406, 30.100145686313937]]]}, "properties": {"layer": "bed", "id": "B169", "bed_type": "medical", "size": "2.2 x 1.2 m", "resized": false, "rotated": false, "door": "D2-east", "walk_m": 4.6}}]}