{"type": "FeatureCollection", "name": "camp layout, local metres", "features": [{"type": "Feature", "geometry": {"type": "Polygon", "coordinates": [[[0.0, 0.0], [34.0, 0.0], [40.0, 5.0], [40.0, 20.0], [34.0, 26.0], [14.0, 26.0], [14.0, 22.0], [5.0, 22.0], [0.0, 17.0], [0.0, 0.0]]]}, "properties": {"layer": "boundary", "name": "Irregular camp, four doors"}}, {"type": "Feature", "geometry": {"type": "Polygon", "coordinates": [[[5.5, 4.0], [8.5, 4.0], [8.5, 0.0], [5.5, 0.0], [5.5, 4.0]]]}, "properties": {"layer": "door_zone", "door": "D1-south", "depth_m": 4.0, "grown_m": 2.0, "area_m2": 12.0, "beds_served": 48}}, {"type": "Feature", "geometry": {"type": "Polygon", "coordinates": [[[40.0, 10.5], [36.0, 10.5], [36.0, 13.5], [40.0, 13.5], [40.0, 10.5]]]}, "properties": {"layer": "door_zone", "door": "D2-east", "depth_m": 4.0, "grown_m": 2.0, "area_m2": 12.0, "beds_served": 48}}, {"type": "Feature", "geometry": {"type": "Polygon", "coordinates": [[[24.5, 23.0], [21.5, 23.0], [21.5, 26.0], [24.5, 26.0], [24.5, 23.0]]]}, "properties": {"layer": "door_zone", "door": "D3-north", "depth_m": 3.0, "grown_m": 1.0, "area_m2": 9.0, "beds_served": 35}}, {"type": "Feature", "geometry": {"type": "Polygon", "coordinates": [[[4.0, 10.0], [4.0, 7.5], [0.0, 7.5], [0.0, 10.0], [4.0, 10.0]]]}, "properties": {"layer": "door_zone", "door": "D4-west", "depth_m": 4.0, "grown_m": 2.0, "area_m2": 10.0, "beds_served": 38}}, {"type": "Feature", "geometry": {"type": "MultiPolygon", "coordinates": [[[[4.0, 3.0], [3.5, 3.0], [3.0, 3.0], [2.5, 3.0], [2.0, 3.0], [1.5, 3.0], [1.0, 3.0], [1.0, 3.5], [1.0, 4.0], [1.0, 4.5], [2.0, 4.5], [2.0, 4.0], [2.5, 4.0], [3.0, 4.0], [3.5, 4.0], [4.0, 4.0], [4.5, 4.0], [5.0, 4.0], [5.5, 4.0], [5.5, 3.0], [5.0, 3.0], [4.5, 3.0], [4.0, 3.0]]], [[[9.0, 4.0], [9.5, 4.0], [10.0, 4.0], [10.5, 4.0], [11.0, 4.0], [11.5, 4.0], [12.0, 4.0], [12.5, 4.0], [13.0, 4.0], [13.5, 4.0], [14.0, 4.0], [14.5, 4.0], [15.0, 4.0], [15.5, 4.0], [16.0, 4.0], [16.5, 4.0], [17.0, 4.0], [17.5, 4.0], [18.0, 4.0], [18.5, 4.0], [18.5, 4.5], [18.5, 5.0], [18.5, 5.5], [19.5, 5.5], [19.5, 5.0], [19.5, 4.5], [19.5, 4.0], [20.0, 4.0], [20.5, 4.0], [21.0, 4.0], [21.5, 4.0], [22.0, 4.0], [22.5, 4.0], [22.5, 4.5], [22.5, 5.0], [23.5, 5.0], [23.5, 4.5], [23.5, 4.0], [24.0, 4.0], [24.5, 4.0], [25.0, 4.0], [25.5, 4.0], [26.0, 4.0], [26.5, 4.0], [27.0, 4.0], [27.5, 4.0], [28.0, 4.0], [28.5, 4.0], [29.0, 4.0], [29.5, 4.0], [30.0, 4.0], [30.5, 4.0], [31.0, 4.0], [31.5, 4.0], [32.0, 4.0], [32.5, 4.0], [33.0, 4.0], [33.5, 4.0], [34.0, 4.0], [34.5, 4.0], [35.0, 4.0], [35.5, 4.0], [36.0, 4.0], [36.0, 3.0], [35.5, 3.0], [35.0, 3.0], [34.5, 3.0], [34.0, 3.0], [33.5, 3.0], [33.0, 3.0], [32.5, 3.0], [32.0, 3.0], [31.5, 3.0], [31.0, 3.0], [30.5, 3.0], [30.0, 3.0], [29.5, 3.0], [29.0, 3.0], [28.5, 3.0], [28.0, 3.0], [27.5, 3.0], [27.0, 3.0], [26.5, 3.0], [26.0, 3.0], [25.5, 3.0], [25.0, 3.0], [24.5, 3.0], [24.0, 3.0], [23.5, 3.0], [23.0, 3.0], [22.5, 3.0], [22.0, 3.0], [21.5, 3.0], [21.0, 3.0], [20.5, 3.0], [20.0, 3.0], [19.5, 3.0], [19.0, 3.0], [18.5, 3.0], [18.0, 3.0], [17.5, 3.0], [17.0, 3.0], [16.5, 3.0], [16.0, 3.0], [15.5, 3.0], [15.0, 3.0], [14.5, 3.0], [14.0, 3.0], [13.5, 3.0], [13.0, 3.0], [12.5, 3.0], [12.0, 3.0], [11.5, 3.0], [11.0, 3.0], [10.5, 3.0], [10.0, 3.0], [9.5, 3.0], [9.0, 3.0], [8.5, 3.0], [8.5, 4.0], [9.0, 4.0]]], [[[9.0, 1.0], [9.5, 1.0], [10.0, 1.0], [10.5, 1.0], [11.0, 1.0], [11.5, 1.0], [12.0, 1.0], [12.5, 1.0], [13.0, 1.0], [13.5, 1.0], [14.0, 1.0], [14.5, 1.0], [15.0, 1.0], [15.5, 1.0], [16.0, 1.0], [16.5, 1.0], [17.0, 1.0], [17.5, 1.0], [18.0, 1.0], [18.5, 1.0], [19.0, 1.0], [19.5, 1.0], [20.0, 1.0], [20.5, 1.0], [21.0, 1.0], [21.5, 1.0], [22.0, 1.0], [22.5, 1.0], [23.0, 1.0], [23.5, 1.0], [24.0, 1.0], [24.5, 1.0], [25.0, 1.0], [25.5, 1.0], [26.0, 1.0], [26.5, 1.0], [27.0, 1.0], [27.5, 1.0], [28.0, 1.0], [28.5, 1.0], [29.0, 1.0], [29.5, 1.0], [30.0, 1.0], [30.5, 1.0], [31.0, 1.0], [31.5, 1.0], [31.5, 1.5], [32.5, 1.5], [32.5, 1.0], [32.5, 0.5], [32.5, 0.0], [32.0, 0.0], [31.5, 0.0], [31.0, 0.0], [30.5, 0.0], [30.0, 0.0], [29.5, 0.0], [29.0, 0.0], [28.5, 0.0], [28.0, 0.0], [27.5, 0.0], [27.0, 0.0], [26.5, 0.0], [26.0, 0.0], [25.5, 0.0], [25.0, 0.0], [24.5, 0.0], [24.0, 0.0], [23.5, 0.0], [23.0, 0.0], [22.5, 0.0], [22.0, 0.0], [21.5, 0.0], [21.0, 0.0], [20.5, 0.0], [20.0, 0.0], [19.5, 0.0], [19.0, 0.0], [18.5, 0.0], [18.0, 0.0], [17.5, 0.0], [17.0, 0.0], [16.5, 0.0], [16.0, 0.0], [15.5, 0.0], [15.0, 0.0], [14.5, 0.0], [14.0, 0.0], [13.5, 0.0], [13.0, 0.0], [12.5, 0.0], [12.0, 0.0], [11.5, 0.0], [11.0, 0.0], [10.5, 0.0], [10.0, 0.0], [9.5, 0.0], [9.0, 0.0], [8.5, 0.0], [8.5, 1.0], [9.0, 1.0]]], [[[5.0, 0.0], [4.5, 0.0], [4.0, 0.0], [3.5, 0.0], [3.0, 0.0], [2.5, 0.0], [2.0, 0.0], [1.5, 0.0], [1.0, 0.0], [1.0, 1.0], [1.5, 1.0], [2.0, 1.0], [2.5, 1.0], [3.0, 1.0], [3.5, 1.0], [4.0, 1.0], [4.5, 1.0], [5.0, 1.0], [5.5, 1.0], [5.5, 0.0], [5.0, 0.0]]], [[[9.5, 7.0], [10.0, 7.0], [10.5, 7.0], [11.0, 7.0], [11.5, 7.0], [12.0, 7.0], [12.5, 7.0], [13.0, 7.0], [13.5, 7.0], [14.0, 7.0], [14.5, 7.0], [15.0, 7.0], [15.5, 7.0], [16.0, 7.0], [16.0, 6.0], [15.5, 6.0], [15.0, 6.0], [14.5, 6.0], [14.0, 6.0], [13.5, 6.0], [13.0, 6.0], [12.5, 6.0], [12.0, 6.0], [11.5, 6.0], [11.0, 6.0], [10.5, 6.0], [10.0, 6.0], [9.5, 6.0], [9.0, 6.0], [8.5, 6.0], [8.0, 6.0], [7.5, 6.0], [7.0, 6.0], [6.5, 6.0], [6.0, 6.0], [5.5, 6.0], [5.0, 6.0], [4.5, 6.0], [4.0, 6.0], [3.5, 6.0], [3.0, 6.0], [2.5, 6.0], [2.5, 6.5], [2.5, 7.0], [2.5, 7.5], [3.5, 7.5], [3.5, 7.0], [4.0, 7.0], [4.5, 7.0], [5.0, 7.0], [5.5, 7.0], [6.0, 7.0], [6.5, 7.0], [7.0, 7.0], [7.5, 7.0], [8.0, 7.0], [8.5, 7.0], [9.0, 7.0], [9.5, 7.0]]], [[[4.5, 10.0], [5.0, 10.0], [5.5, 10.0], [6.0, 10.0], [6.5, 10.0], [7.0, 10.0], [7.5, 10.0], [8.0, 10.0], [8.5, 10.0], [9.0, 10.0], [9.5, 10.0], [10.0, 10.0], [10.5, 10.0], [10.5, 10.5], [10.5, 11.0], [10.5, 11.5], [10.5, 12.0], [10.0, 12.0], [9.5, 12.0], [9.0, 12.0], [8.5, 12.0], [8.0, 12.0], [7.5, 12.0], [7.0, 12.0], [6.5, 12.0], [6.5, 13.0], [7.0, 13.0], [7.5, 13.0], [8.0, 13.0], [8.5, 13.0], [9.0, 13.0], [9.5, 13.0], [10.0, 13.0], [10.5, 13.0], [11.0, 13.0], [11.5, 13.0], [12.0, 13.0], [12.5, 13.0], [13.0, 13.0], [13.5, 13.0], [14.0, 13.0], [14.5, 13.0], [15.0, 13.0], [15.5, 13.0], [16.0, 13.0], [16.5, 13.0], [16.5, 12.0], [16.0, 12.0], [15.5, 12.0], [15.0, 12.0], [14.5, 12.0], [14.0, 12.0], [13.5, 12.0], [13.0, 12.0], [12.5, 12.0], [12.0, 12.0], [11.5, 12.0], [11.5, 11.5], [11.5, 11.0], [11.5, 10.5], [11.5, 10.0], [12.0, 10.0], [12.5, 10.0], [13.0, 10.0], [13.5, 10.0], [14.0, 10.0], [14.5, 10.0], [15.0, 10.0], [15.5, 10.0], [16.0, 10.0], [16.5, 10.0], [17.0, 10.0], [17.5, 10.0], [17.5, 9.0], [17.0, 9.0], [16.5, 9.0], [16.0, 9.0], [15.5, 9.0], [15.0, 9.0], [14.5, 9.0], [14.0, 9.0], [13.5, 9.0], [13.0, 9.0], [12.5, 9.0], [12.0, 9.0], [11.5, 9.0], [11.0, 9.0], [10.5, 9.0], [10.0, 9.0], [9.5, 9.0], [9.0, 9.0], [8.5, 9.0], [8.0, 9.0], [7.5, 9.0], [7.0, 9.0], [6.5, 9.0], [6.0, 9.0], [5.5, 9.0], [5.0, 9.0], [4.5, 9.0], [4.0, 9.0], [4.0, 10.0], [4.5, 10.0]]], [[[14.5, 16.0], [15.0, 16.0], [15.5, 16.0], [16.0, 16.0], [16.5, 16.0], [17.0, 16.0], [17.5, 16.0], [18.0, 16.0], [18.0, 16.5], [18.0, 17.0], [18.0, 17.5], [18.0, 18.0], [18.0, 18.5], [17.5, 18.5], [17.0, 18.5], [17.0, 18.0], [16.0, 18.0], [16.0, 18.5], [16.0, 19.0], [16.0, 19.5], [16.5, 19.5], [17.0, 19.5], [17.5, 19.5], [18.0, 19.5], [18.5, 19.5], [19.0, 19.5], [19.0, 19.0], [19.5, 19.0], [20.0, 19.0], [20.5, 19.0], [21.0, 19.0], [21.5, 19.0], [22.0, 19.0], [22.5, 19.0], [23.0, 19.0], [23.5, 19.0], [24.0, 19.0], [24.5, 19.0], [25.0, 19.0], [25.5, 19.0], [26.0, 19.0], [26.5, 19.0], [27.0, 19.0], [27.5, 19.0], [28.0, 19.0], [28.5, 19.0], [29.0, 19.0], [29.0, 18.5], [29.0, 18.0], [29.0, 17.5], [29.0, 17.0], [29.0, 16.5], [29.0, 16.0], [29.5, 16.0], [30.0, 16.0], [30.5, 16.0], [31.0, 16.0], [31.0, 16.5], [31.0, 17.0], [31.0, 17.5], [31.0, 18.0], [31.0, 18.5], [31.0, 19.0], [31.5, 19.0], [32.0, 19.0], [32.5, 19.0], [33.0, 19.0], [33.5, 19.0], [34.0, 19.0], [34.5, 19.0], [35.0, 19.0], [35.5, 19.0], [36.0, 19.0], [36.5, 19.0], [37.0, 19.0], [37.0, 18.0], [36.5, 18.0], [36.0, 18.0], [35.5, 18.0], [35.0, 18.0], [34.5, 18.0], [34.0, 18.0], [33.5, 18.0], [33.0, 18.0], [32.5, 18.0], [32.0, 18.0], [32.0, 17.5], [32.0, 17.0], [32.0, 16.5], [32.0, 16.0], [32.5, 16.0], [33.0, 16.0], [33.5, 16.0], [34.0, 16.0], [34.5, 16.0], [35.0, 16.0], [35.5, 16.0], [36.0, 16.0], [36.5, 16.0], [37.0, 16.0], [37.5, 16.0], [38.0, 16.0], [38.5, 16.0], [39.0, 16.0], [39.0, 15.5], [39.0, 15.0], [39.0, 14.5], [39.0, 14.0], [39.0, 13.5], [38.0, 13.5], [38.0, 14.0], [38.0, 14.5], [38.0, 15.0], [37.5, 15.0], [37.0, 15.0], [36.5, 15.0], [36.0, 15.0], [35.5, 15.0], [35.0, 15.0], [34.5, 15.0], [34.0, 15.0], [33.5, 15.0], [33.0, 15.0], [32.5, 15.0], [32.0, 15.0], [31.5, 15.0], [31.0, 15.0], [30.5, 15.0], [30.0, 15.0], [29.5, 15.0], [29.0, 15.0], [28.5, 15.0], [28.0, 15.0], [27.5, 15.0], [27.0, 15.0], [26.5, 15.0], [26.0, 15.0], [25.5, 15.0], [25.0, 15.0], [24.5, 15.0], [24.0, 15.0], [23.5, 15.0], [23.0, 15.0], [22.5, 15.0], [22.0, 15.0], [21.5, 15.0], [21.0, 15.0], [20.5, 15.0], [20.0, 15.0], [20.0, 14.5], [20.0, 14.0], [20.0, 13.5], [20.5, 13.5], [21.0, 13.5], [21.0, 13.0], [21.0, 12.5], [21.0, 12.0], [21.0, 11.5], [20.0, 11.5], [20.0, 12.0], [20.0, 12.5], [19.5, 12.5], [19.0, 12.5], [19.0, 13.0], [19.0, 13.5], [19.0, 14.0], [19.0, 14.5], [19.0, 15.0], [18.5, 15.0], [18.0, 15.0], [17.5, 15.0], [17.0, 15.0], [16.5, 15.0], [16.0, 15.0], [15.5, 15.0], [15.0, 15.0], [14.5, 15.0], [14.0, 15.0], [14.0, 16.0], [14.5, 16.0]], [[19.0, 17.0], [19.0, 16.5], [19.0, 16.0], [19.5, 16.0], [20.0, 16.0], [20.5, 16.0], [21.0, 16.0], [21.5, 16.0], [22.0, 16.0], [22.5, 16.0], [23.0, 16.0], [23.5, 16.0], [24.0, 16.0], [24.5, 16.0], [25.0, 16.0], [25.5, 16.0], [26.0, 16.0], [26.5, 16.0], [27.0, 16.0], [27.5, 16.0], [28.0, 16.0], [28.0, 16.5], [28.0, 17.0], [28.0, 17.5], [28.0, 18.0], [27.5, 18.0], [27.0, 18.0], [26.5, 18.0], [26.0, 18.0], [25.5, 18.0], [25.0, 18.0], [24.5, 18.0], [24.0, 18.0], [23.5, 18.0], [23.0, 18.0], [22.5, 18.0], [22.0, 18.0], [21.5, 18.0], [21.0, 18.0], [20.5, 18.0], [20.0, 18.0], [19.5, 18.0], [19.0, 18.0], [19.0, 17.5], [19.0, 17.0]]], [[[37.0, 10.0], [36.5, 10.0], [36.5, 9.5], [36.5, 9.0], [37.0, 9.0], [37.5, 9.0], [38.0, 9.0], [38.5, 9.0], [38.5, 8.0], [38.0, 8.0], [37.5, 8.0], [37.0, 8.0], [36.5, 8.0], [36.0, 8.0], [35.5, 8.0], [35.5, 8.5], [35.5, 9.0], [35.5, 9.5], [35.5, 10.0], [35.5, 10.5], [35.5, 11.0], [36.0, 11.0], [36.0, 10.5], [37.0, 10.5], [37.0, 10.0]]], [[[35.5, 11.5], [35.5, 12.0], [35.0, 12.0], [34.5, 12.0], [34.0, 12.0], [33.5, 12.0], [33.0, 12.0], [32.5, 12.0], [32.0, 12.0], [31.5, 12.0], [31.0, 12.0], [30.5, 12.0], [30.0, 12.0], [29.5, 12.0], [29.0, 12.0], [28.5, 12.0], [28.0, 12.0], [27.5, 12.0], [27.5, 13.0], [28.0, 13.0], [28.5, 13.0], [29.0, 13.0], [29.5, 13.0], [30.0, 13.0], [30.5, 13.0], [31.0, 13.0], [31.5, 13.0], [32.0, 13.0], [32.5, 13.0], [33.0, 13.0], [33.5, 13.0], [34.0, 13.0], [34.5, 13.0], [35.0, 13.0], [35.5, 13.0], [36.0, 13.0], [36.0, 11.5], [35.5, 11.5]]], [[[8.5, 19.5], [8.5, 20.0], [8.5, 20.5], [8.5, 21.0], [8.0, 21.0], [7.5, 21.0], [7.5, 20.5], [6.5, 20.5], [6.5, 21.0], [6.5, 21.5], [6.5, 22.0], [7.0, 22.0], [7.5, 22.0], [8.0, 22.0], [8.5, 22.0], [9.0, 22.0], [9.5, 22.0], [10.0, 22.0], [10.5, 22.0], [11.0, 22.0], [11.5, 22.0], [12.0, 22.0], [12.5, 22.0], [13.0, 22.0], [13.5, 22.0], [14.0, 22.0], [14.5, 22.0], [15.0, 22.0], [15.5, 22.0], [16.0, 22.0], [16.5, 22.0], [17.0, 22.0], [17.5, 22.0], [18.0, 22.0], [18.5, 22.0], [19.0, 22.0], [19.5, 22.0], [20.0, 22.0], [20.5, 22.0], [21.0, 22.0], [21.5, 22.0], [22.0, 22.0], [22.5, 22.0], [23.0, 22.0], [23.5, 22.0], [24.0, 22.0], [24.5, 22.0], [25.0, 22.0], [25.5, 22.0], [26.0, 22.0], [26.5, 22.0], [27.0, 22.0], [27.5, 22.0], [27.5, 22.5], [27.5, 23.0], [27.5, 23.5], [27.5, 24.0], [27.0, 24.0], [26.5, 24.0], [26.0, 24.0], [25.5, 24.0], [25.0, 24.0], [24.5, 24.0], [24.5, 25.0], [25.0, 25.0], [25.5, 25.0], [26.0, 25.0], [26.5, 25.0], [27.0, 25.0], [27.5, 25.0], [28.0, 25.0], [28.5, 25.0], [28.5, 24.5], [29.0, 24.5], [29.5, 24.5], [30.0, 24.5], [30.0, 25.0], [31.0, 25.0], [31.0, 24.5], [31.5, 24.5], [31.5, 24.0], [32.0, 24.0], [32.5, 24.0], [33.0, 24.0], [33.5, 24.0], [34.0, 24.0], [34.0, 23.5], [34.0, 23.0], [34.0, 22.5], [34.5, 22.5], [35.0, 22.5], [35.0, 21.5], [34.5, 21.5], [34.5, 21.0], [33.5, 21.0], [33.5, 21.5], [33.0, 21.5], [33.0, 22.0], [33.0, 22.5], [33.0, 23.0], [32.5, 23.0], [32.0, 23.0], [31.5, 23.0], [31.0, 23.0], [30.5, 23.0], [30.5, 23.5], [30.0, 23.5], [29.5, 23.5], [29.0, 23.5], [28.5, 23.5], [28.5, 23.0], [28.5, 22.5], [28.5, 22.0], [28.5, 21.5], [28.5, 21.0], [28.0, 21.0], [27.5, 21.0], [27.0, 21.0], [26.5, 21.0], [26.0, 21.0], [25.5, 21.0], [25.0, 21.0], [24.5, 21.0], [24.0, 21.0], [23.5, 21.0], [23.0, 21.0], [22.5, 21.0], [22.0, 21.0], [21.5, 21.0], [21.0, 21.0], [20.5, 21.0], [20.0, 21.0], [19.5, 21.0], [19.0, 21.0], [18.5, 21.0], [18.0, 21.0], [17.5, 21.0], [17.0, 21.0], [16.5, 21.0], [16.0, 21.0], [15.5, 21.0], [15.0, 21.0], [14.5, 21.0], [14.0, 21.0], [13.5, 21.0], [13.0, 21.0], [12.5, 21.0], [12.0, 21.0], [11.5, 21.0], [11.0, 21.0], [10.5, 21.0], [10.0, 21.0], [9.5, 21.0], [9.5, 20.5], [9.5, 20.0], [9.5, 19.5], [9.5, 19.0], [9.5, 18.5], [9.5, 18.0], [9.0, 18.0], [8.5, 18.0], [8.0, 18.0], [7.5, 18.0], [7.0, 18.0], [6.5, 18.0], [6.0, 18.0], [5.5, 18.0], [5.0, 18.0], [4.5, 18.0], [4.0, 18.0], [4.0, 18.5], [4.0, 19.0], [4.0, 19.5], [5.0, 19.5], [5.0, 19.0], [5.5, 19.0], [6.0, 19.0], [6.5, 19.0], [7.0, 19.0], [7.5, 19.0], [8.0, 19.0], [8.5, 19.0], [8.5, 19.5]]], [[[21.0, 24.0], [20.5, 24.0], [20.0, 24.0], [19.5, 24.0], [19.0, 24.0], [18.5, 24.0], [18.0, 24.0], [17.5, 24.0], [17.0, 24.0], [16.5, 24.0], [16.0, 24.0], [15.5, 24.0], [15.0, 24.0], [14.5, 24.0], [14.5, 25.0], [15.0, 25.0], [15.5, 25.0], [16.0, 25.0], [16.5, 25.0], [17.0, 25.0], [17.5, 25.0], [18.0, 25.0], [18.5, 25.0], [19.0, 25.0], [19.5, 25.0], [20.0, 25.0], [20.5, 25.0], [21.0, 25.0], [21.5, 25.0], [21.5, 24.0], [21.0, 24.0]]]]}, "properties": {"layer": "corridor", "area_m2": 227.2, "min_width_m": 1.0}}, {"type": "Feature", "geometry": {"type": "Polygon", "coordinates": [[[6.0, 0.3], [8.0, 0.3], [8.0, 0.0], [6.0, 0.0], [6.0, 0.3]]]}, "properties": {"layer": "door", "id": "D1-south", "capacity": 80, "beds_served": 48}}, {"type": "Feature", "geometry": {"type": "Polygon", "coordinates": [[[40.0, 11.0], [39.7, 11.0], [39.7, 13.0], [40.0, 13.0], [40.0, 11.0]]]}, "properties": {"layer": "door", "id": "D2-east", "capacity": 60, "beds_served": 48}}, {"type": "Feature", "geometry": {"type": "Polygon", "coordinates": [[[24.0, 25.7], [22.0, 25.7], [22.0, 26.0], [24.0, 26.0], [24.0, 25.7]]]}, "properties": {"layer": "door", "id": "D3-north", "capacity": 80, "beds_served": 35}}, {"type": "Feature", "geometry": {"type": "Polygon", "coordinates": [[[0.3, 9.5], [0.3, 8.0], [0.0, 8.0], [0.0, 9.5], [0.3, 9.5]]]}, "properties": {"layer": "door", "id": "D4-west", "capacity": 40, "beds_served": 38}}, {"type": "Feature", "geometry": {"type": "Polygon", "coordinates": [[[18.0, 0.0], [19.5, 0.0], [19.5, 26.0], [18.0, 26.0], [18.0, 0.0]]]}, "properties": {"layer": "prohibited", "id": "fire-break"}}, {"type": "Feature", "geometry": {"type": "Polygon", "coordinates": [[[34.0, 6.0], [37.0, 6.0], [37.0, 9.5], [34.0, 9.5], [34.0, 6.0]]]}, "properties": {"layer": "prohibited", "id": "exhaust"}}, {"type": "Feature", "geometry": {"type": "Polygon", "coordinates": [[[1.0, 12.5], [5.0, 12.5], [5.0, 15.5], [1.0, 15.5], [1.0, 12.5]]]}, "properties": {"layer": "obstacle", "id": "latrines", "kind": "sanitation"}}, {"type": "Feature", "geometry": {"type": "Polygon", "coordinates": [[[30.0, 6.0], [34.0, 6.0], [34.0, 9.0], [30.0, 9.0], [30.0, 6.0]]]}, "properties": {"layer": "obstacle", "id": "generator", "kind": "power"}}, {"type": "Feature", "geometry": {"type": "Polygon", "coordinates": [[[25.5, 13.0], [25.4266, 13.4635], [25.2135, 13.8817], [24.8817, 14.2135], [24.4635, 14.4266], [24.0, 14.5], [23.5365, 14.4266], [23.1183, 14.2135], [22.7865, 13.8817], [22.5734, 13.4635], [22.5, 13.0], [22.5734, 12.5365], [22.7865, 12.1183], [23.1183, 11.7865], [23.5365, 11.5734], [24.0, 11.5], [24.4635, 11.5734], [24.8817, 11.7865], [25.2135, 12.1183], [25.4266, 12.5365], [25.5, 13.0]]]}, "properties": {"layer": "obstacle", "id": "water-tank", "kind": "water"}}, {"type": "Feature", "geometry": {"type": "Polygon", "coordinates": [[[9.0, 16.0], [12.0, 15.0], [13.0, 18.0], [10.0, 19.0], [9.0, 16.0]]]}, "properties": {"layer": "obstacle", "id": "trees", "kind": "vegetation"}}, {"type": "Feature", "geometry": {"type": "Polygon", "coordinates": [[[29.0, 20.0], [33.0, 20.0], [33.0, 23.0], [29.0, 23.0], [29.0, 20.0]]]}, "properties": {"layer": "obstacle", "id": "medical-store", "kind": "storage"}}, {"type": "Feature", "geometry": {"type": "LineString", "coordinates": [[1.2500000000000002, 7.950000000000003], [0.45, 8.750000000000002]]}, "properties": {"layer": "path", "bed": "B001", "door": "D4-west", "walk_m": 1.63}}, {"type": "Feature", "geometry": {"type": "LineString", "coordinates": [[1.2500000000000002, 9.550000000000002], [0.45, 8.750000000000002]]}, "properties": {"layer": "path", "bed": "B002", "door": "D4-west", "walk_m": 1.63}}, {"type": "Feature", "geometry": {"type": "LineString", "coordinates": [[5.250000000000002, 18.450000000000006], [8.650000000000002, 18.550000000000004], [9.050000000000002, 18.950000000000006], [9.050000000000002, 21.150000000000006], [9.450000000000003, 21.550000000000008], [27.65000000000001, 21.550000000000008], [27.95000000000001, 21.850000000000005], [27.95000000000001, 24.150000000000006], [27.65000000000001, 24.450000000000006], [24.35000000000001, 24.550000000000008], [23.750000000000007, 25.15000000000001], [23.250000000000007, 25.15000000000001], [22.950000000000006, 25.450000000000006]]}, "properties": {"layer": "path", "bed": "B003", "door": "D3-north", "walk_m": 33.74}}, {"type": "Feature", "geometry": {"type": "LineString", "coordinates": [[5.750000000000002, 9.550000000000002], [2.150000000000001, 9.350000000000001], [1.5500000000000003, 8.750000000000002], [0.45, 8.750000000000002]]}, "properties": {"layer": "path", "bed": "B004", "door": "D4-west", "walk_m": 6.13}}, {"type": "Feature", "geometry": {"type": "LineString", "coordinates": [[7.750000000000003, 18.450000000000006], [8.650000000000002, 18.550000000000004], [9.050000000000002, 18.950000000000006], [9.050000000000002, 21.150000000000006], [9.450000000000003, 21.550000000000008], [27.65000000000001, 21.550000000000008], [27.95000000000001, 21.850000000000005], [27.95000000000001, 24.150000000000006], [27.65000000000001, 24.450000000000006], [24.35000000000001, 24.550000000000008], [23.750000000000007, 25.15000000000001], [23.250000000000007, 25.15000000000001], [22.950000000000006, 25.450000000000006]]}, "properties": {"layer": "path", "bed": "B005", "door": "D3-north", "walk_m": 31.24}}, {"type": "Feature", "geometry": {"type": "LineString", "coordinates": [[8.250000000000002, 9.550000000000002], [2.150000000000001, 9.350000000000001], [1.5500000000000003, 8.750000000000002], [0.45, 8.750000000000002]]}, "properties": {"layer": "path", "bed": "B006", "door": "D4-west", "walk_m": 8.63}}, {"type": "Feature", "geometry": {"type": "LineString", "coordinates": [[8.250000000000002, 9.550000000000002], [2.150000000000001, 9.350000000000001], [1.5500000000000003, 8.750000000000002], [0.45, 8.750000000000002]]}, "properties": {"layer": "path", "bed": "B007", "door": "D4-west", "walk_m": 8.63}}, {"type": "Feature", "geometry": {"type": "LineString", "coordinates": [[10.750000000000004, 21.450000000000006], [27.65000000000001, 21.550000000000008], [27.95000000000001, 21.850000000000005], [27.95000000000001, 24.150000000000006], [27.65000000000001, 24.450000000000006], [24.35000000000001, 24.550000000000008], [23.750000000000007, 25.15000000000001], [23.250000000000007, 25.15000000000001], [22.950000000000006, 25.450000000000006]]}, "properties": {"layer": "path", "bed": "B008", "door": "D3-north", "walk_m": 25.7}}, {"type": "Feature", "geometry": {"type": "LineString", "coordinates": [[11.750000000000004, 0.55], [6.950000000000002, 0.45]]}, "properties": {"layer": "path", "bed": "B009", "door": "D1-south", "walk_m": 5.34}}, {"type": "Feature", "geometry": {"type": "LineString", "coordinates": [[13.750000000000004, 0.55], [6.950000000000002, 0.45]]}, "properties": {"layer": "path", "bed": "B010", "door": "D1-south", "walk_m": 7.34}}, {"type": "Feature", "geometry": {"type": "LineString", "coordinates": [[14.250000000000004, 0.55], [6.950000000000002, 0.45]]}, "properties": {"layer": "path", "bed": "B011", "door": "D1-south", "walk_m": 7.84}}, {"type": "Feature", "geometry": {"type": "LineString", "coordinates": [[14.750000000000004, 9.550000000000002], [3.8500000000000014, 9.450000000000003], [2.150000000000001, 9.350000000000001], [1.5500000000000003, 8.750000000000002], [0.45, 8.750000000000002]]}, "properties": {"layer": "path", "bed": "B012", "door": "D4-west", "walk_m": 15.13}}, {"type": "Feature", "geometry": {"type": "LineString", "coordinates": [[16.250000000000007, 15.550000000000004], [38.15000000000001, 15.450000000000005], [38.45000000000002, 15.150000000000004], [38.45000000000002, 13.450000000000003], [39.15000000000001, 12.750000000000004], [39.15000000000001, 12.250000000000004], [39.45000000000002, 11.950000000000003]]}, "properties": {"layer": "path", "bed": "B013", "door": "D2-east", "walk_m": 26.48}}, {"type": "Feature", "geometry": {"type": "LineString", "coordinates": [[16.750000000000004, 0.55], [6.950000000000002, 0.45]]}, "properties": {"layer": "path", "bed": "B014", "door": "D1-south", "walk_m": 10.34}}, {"type": "Feature", "geometry": {"type": "LineString", "coordinates": [[16.750000000000004, 0.55], [6.950000000000002, 0.45]]}, "properties": {"layer": "path", "bed": "B015", "door": "D1-south", "walk_m": 10.34}}, {"type": "Feature", "geometry": {"type": "LineString", "coordinates": [[16.750000000000004, 9.550000000000002], [3.8500000000000014, 9.450000000000003], [2.150000000000001, 9.350000000000001], [1.5500000000000003, 8.750000000000002], [0.45, 8.750000000000002]]}, "properties": {"layer": "path", "bed": "B016", "door": "D4-west", "walk_m": 17.13}}, {"type": "Feature", "geometry": {"type": "LineString", "coordinates": [[16.750000000000004, 15.550000000000004], [38.15000000000001, 15.450000000000005], [38.45000000000002, 15.150000000000004], [38.45000000000002, 13.450000000000003], [39.15000000000001, 12.750000000000004], [39.15000000000001, 12.250000000000004], [39.45000000000002, 11.950000000000003]]}, "properties": {"layer": "path", "bed": "B017", "door": "D2-east", "walk_m": 25.98}}, {"type": "Feature", "geometry": {"type": "LineString", "coordinates": [[20.550000000000004, 11.950000000000003], [20.450000000000006, 12.650000000000004], [19.550000000000004, 13.350000000000003], [19.550000000000004, 15.150000000000004], [19.850000000000005, 15.450000000000005], [38.15000000000001, 15.450000000000005], [38.45000000000002, 15.150000000000004], [38.45000000000002, 13.450000000000003], [39.15000000000001, 12.750000000000004], [39.15000000000001, 12.250000000000004], [39.45000000000002, 11.950000000000003]]}, "properties": {"layer": "path", "bed": "B018", "door": "D2-east", "walk_m": 26.99}}, {"type": "Feature", "geometry": {"type": "LineString", "coordinates": [[20.750000000000007, 15.550000000000004], [38.15000000000001, 15.450000000000005], [38.45000000000002, 15.150000000000004], [38.45000000000002, 13.450000000000003], [39.15000000000001, 12.750000000000004], [39.15000000000001, 12.250000000000004], [39.45000000000002, 11.950000000000003]]}, "properties": {"layer": "path", "bed": "B019", "door": "D2-east", "walk_m": 21.98}}, {"type": "Feature", "geometry": {"type": "LineString", "coordinates": [[21.250000000000007, 15.450000000000005], [38.15000000000001, 15.450000000000005], [38.45000000000002, 15.150000000000004], [38.45000000000002, 13.450000000000003], [39.15000000000001, 12.750000000000004], [39.15000000000001, 12.250000000000004], [39.45000000000002, 11.950000000000003]]}, "properties": {"layer": "path", "bed": "B020", "door": "D2-east", "walk_m": 21.44}}, {"type": "Feature", "geometry": {"type": "LineString", "coordinates": [[21.250000000000007, 21.450000000000006], [27.65000000000001, 21.550000000000008], [27.95000000000001, 21.850000000000005], [27.95000000000001, 24.150000000000006], [27.65000000000001, 24.450000000000006], [24.35000000000001, 24.550000000000008], [23.750000000000007, 25.15000000000001], [23.250000000000007, 25.15000000000001], [22.950000000000006, 25.450000000000006]]}, "properties": {"layer": "path", "bed": "B021", "door": "D3-north", "walk_m": 15.2}}, {"type": "Feature", "geometry": {"type": "LineString", "coordinates": [[21.950000000000006, 23.450000000000006], [22.950000000000006, 24.450000000000006], [22.950000000000006, 25.450000000000006]]}, "properties": {"layer": "path", "bed": "B022", "door": "D3-north", "walk_m": 2.91}}, {"type": "Feature", "geometry": {"type": "LineString", "coordinates": [[21.750000000000007, 21.450000000000006], [27.65000000000001, 21.550000000000008], [27.95000000000001, 21.850000000000005], [27.95000000000001, 24.150000000000006], [27.65000000000001, 24.450000000000006], [24.35000000000001, 24.550000000000008], [23.750000000000007, 25.15000000000001], [23.250000000000007, 25.15000000000001], [22.950000000000006, 25.450000000000006]]}, "properties": {"layer": "path", "bed": "B023", "door": "D3-north", "walk_m": 14.7}}, {"type": "Feature", "geometry": {"type": "LineString", "coordinates": [[22.750000000000007, 15.550000000000004], [38.15000000000001, 15.450000000000005], [38.45000000000002, 15.150000000000004], [38.45000000000002, 13.450000000000003], [39.15000000000001, 12.750000000000004], [39.15000000000001, 12.250000000000004], [39.45000000000002, 11.950000000000003]]}, "properties": {"layer": "path", "bed": "B024", "door": "D2-east", "walk_m": 19.98}}, {"type": "Feature", "geometry": {"type": "LineString", "coordinates": [[23.050000000000008, 4.550000000000002], [22.950000000000006, 3.8500000000000014], [22.550000000000008, 3.450000000000001], [8.350000000000003, 3.450000000000001], [7.5500000000000025, 2.650000000000001], [7.5500000000000025, 2.150000000000001], [6.950000000000002, 1.5500000000000003], [6.950000000000002, 0.45]]}, "properties": {"layer": "path", "bed": "B025", "door": "D1-south", "walk_m": 19.59}}, {"type": "Feature", "geometry": {"type": "LineString", "coordinates": [[23.750000000000007, 21.450000000000006], [27.65000000000001, 21.550000000000008], [27.95000000000001, 21.850000000000005], [27.95000000000001, 24.150000000000006], [27.65000000000001, 24.450000000000006], [24.35000000000001, 24.550000000000008], [23.750000000000007, 25.15000000000001], [23.250000000000007, 25.15000000000001], [22.950000000000006, 25.450000000000006]]}, "properties": {"layer": "path", "bed": "B026", "door": "D3-north", "walk_m": 12.7}}, {"type": "Feature", "geometry": {"type": "LineString", "coordinates": [[24.250000000000007, 21.450000000000006], [27.65000000000001, 21.550000000000008], [27.95000000000001, 21.850000000000005], [27.95000000000001, 24.150000000000006], [27.65000000000001, 24.450000000000006], [24.35000000000001, 24.550000000000008], [23.750000000000007, 25.15000000000001], [23.250000000000007, 25.15000000000001], [22.950000000000006, 25.450000000000006]]}, "properties": {"layer": "path", "bed": "B027", "door": "D3-north", "walk_m": 12.2}}, {"type": "Feature", "geometry": {"type": "LineString", "coordinates": [[25.250000000000007, 3.550000000000001], [8.350000000000003, 3.450000000000001], [7.5500000000000025, 2.650000000000001], [7.5500000000000025, 2.150000000000001], [6.950000000000002, 1.5500000000000003], [6.950000000000002, 0.45]]}, "properties": {"layer": "path", "bed": "B028", "door": "D1-south", "walk_m": 21.02}}, {"type": "Feature", "geometry": {"type": "LineString", "coordinates": [[25.750000000000007, 24.550000000000008], [24.35000000000001, 24.550000000000008], [23.750000000000007, 25.15000000000001], [23.250000000000007, 25.15000000000001], [22.950000000000006, 25.450000000000006]]}, "properties": {"layer": "path", "bed": "B029", "door": "D3-north", "walk_m": 3.67}}, {"type": "Feature", "geometry": {"type": "LineString", "coordinates": [[26.250000000000007, 15.550000000000004], [38.15000000000001, 15.450000000000005], [38.45000000000002, 15.150000000000004], [38.45000000000002, 13.450000000000003], [39.15000000000001, 12.750000000000004], [39.15000000000001, 12.250000000000004], [39.45000000000002, 11.950000000000003]]}, "properties": {"layer": "path", "bed": "B030", "door": "D2-east", "walk_m": 16.48}}, {"type": "Feature", "geometry": {"type": "LineString", "coordinates": [[28.250000000000007, 12.450000000000003], [35.65000000000001, 12.450000000000003], [37.65000000000001, 12.350000000000003], [38.05000000000002, 11.950000000000003], [39.45000000000002, 11.950000000000003]]}, "properties": {"layer": "path", "bed": "B031", "door": "D2-east", "walk_m": 11.91}}, {"type": "Feature", "geometry": {"type": "LineString", "coordinates": [[28.250000000000007, 12.550000000000002], [37.65000000000001, 12.350000000000003], [38.05000000000002, 11.950000000000003], [39.45000000000002, 11.950000000000003]]}, "properties": {"layer": "path", "bed": "B032", "door": "D2-east", "walk_m": 11.95}}, {"type": "Feature", "geometry": {"type": "LineString", "coordinates": [[28.050000000000008, 24.550000000000008], [24.35000000000001, 24.550000000000008], [23.750000000000007, 25.15000000000001], [23.250000000000007, 25.15000000000001], [22.950000000000006, 25.450000000000006]]}, "properties": {"layer": "path", "bed": "B033", "door": "D3-north", "walk_m": 5.97}}, {"type": "Feature", "geometry": {"type": "LineString", "coordinates": [[28.050000000000008, 21.450000000000006], [27.95000000000001, 24.150000000000006], [27.65000000000001, 24.450000000000006], [24.35000000000001, 24.550000000000008], [23.750000000000007, 25.15000000000001], [23.250000000000007, 25.15000000000001], [22.950000000000006, 25.450000000000006]]}, "properties": {"layer": "path", "bed": "B034", "door": "D3-north", "walk_m": 8.78}}, {"type": "Feature", "geometry": {"type": "LineString", "coordinates": [[29.75000000000001, 3.550000000000001], [8.350000000000003, 3.450000000000001], [7.5500000000000025, 2.650000000000001], [7.5500000000000025, 2.150000000000001], [6.950000000000002, 1.5500000000000003], [6.950000000000002, 0.45]]}, "properties": {"layer": "path", "bed": "B035", "door": "D1-south", "walk_m": 25.52}}, {"type": "Feature", "geometry": {"type": "LineString", "coordinates": [[30.75000000000001, 12.450000000000003], [37.65000000000001, 12.350000000000003], [38.05000000000002, 11.950000000000003], [39.45000000000002, 11.950000000000003]]}, "properties": {"layer": "path", "bed": "B036", "door": "D2-east", "walk_m": 9.41}}, {"type": "Feature", "geometry": {"type": "LineString", "coordinates": [[30.550000000000008, 24.550000000000008], [30.15000000000001, 24.050000000000008], [28.35000000000001, 24.050000000000008], [27.95000000000001, 24.450000000000006], [24.35000000000001, 24.550000000000008], [23.750000000000007, 25.15000000000001], [23.250000000000007, 25.15000000000001], [22.950000000000006, 25.450000000000006]]}, "properties": {"layer": "path", "bed": "B037", "door": "D3-north", "walk_m": 8.95}}, {"type": "Feature", "geometry": {"type": "LineString", "coordinates": [[32.750000000000014, 23.550000000000008], [31.35000000000001, 23.550000000000008], [30.85000000000001, 24.050000000000008], [28.35000000000001, 24.050000000000008], [27.95000000000001, 24.450000000000006], [24.35000000000001, 24.550000000000008], [23.750000000000007, 25.15000000000001], [23.250000000000007, 25.15000000000001], [22.950000000000006, 25.450000000000006]]}, "properties": {"layer": "path", "bed": "B038", "door": "D3-north", "walk_m": 11.09}}, {"type": "Feature", "geometry": {"type": "LineString", "coordinates": [[34.250000000000014, 3.550000000000001], [8.350000000000003, 3.450000000000001], [7.5500000000000025, 2.650000000000001], [7.5500000000000025, 2.150000000000001], [6.950000000000002, 1.5500000000000003], [6.950000000000002, 0.45]]}, "properties": {"layer": "path", "bed": "B039", "door": "D1-south", "walk_m": 30.02}}, {"type": "Feature", "geometry": {"type": "LineString", "coordinates": [[34.05000000000001, 21.450000000000006], [33.45000000000002, 22.150000000000006], [33.45000000000002, 23.150000000000006], [33.05000000000001, 23.550000000000008], [31.35000000000001, 23.550000000000008], [30.85000000000001, 24.050000000000008], [28.35000000000001, 24.050000000000008], [27.95000000000001, 24.450000000000006], [24.35000000000001, 24.550000000000008], [23.750000000000007, 25.15000000000001], [23.250000000000007, 25.15000000000001], [22.950000000000006, 25.450000000000006]]}, "properties": {"layer": "path", "bed": "B040", "door": "D3-north", "walk_m": 13.9}}, {"type": "Feature", "geometry": {"type": "LineString", "coordinates": [[34.750000000000014, 3.450000000000001], [8.350000000000003, 3.450000000000001], [7.5500000000000025, 2.650000000000001], [7.5500000000000025, 2.150000000000001], [6.950000000000002, 1.5500000000000003], [6.950000000000002, 0.45]]}, "properties": {"layer": "path", "bed": "B041", "door": "D1-south", "walk_m": 30.48}}, {"type": "Feature", "geometry": {"type": "LineString", "coordinates": [[35.750000000000014, 15.550000000000004], [38.15000000000001, 15.450000000000005], [38.45000000000002, 15.150000000000004], [38.45000000000002, 13.450000000000003], [39.15000000000001, 12.750000000000004], [39.15000000000001, 12.250000000000004], [39.45000000000002, 11.950000000000003]]}, "properties": {"layer": "path", "bed": "B042", "door": "D2-east", "walk_m": 6.98}}, {"type": "Feature", "geometry": {"type": "LineString", "coordinates": [[35.750000000000014, 15.550000000000004], [38.15000000000001, 15.450000000000005], [38.45000000000002, 15.150000000000004], [38.45000000000002, 13.450000000000003], [39.15000000000001, 12.750000000000004], [39.15000000000001, 12.250000000000004], [39.45000000000002, 11.950000000000003]]}, "properties": {"layer": "path", "bed": "B043", "door": "D2-east", "walk_m": 6.98}}, {"type": "Feature", "geometry": {"type": "LineString", "coordinates": [[35.750000000000014, 18.550000000000004], [31.85000000000001, 18.450000000000006], [31.55000000000001, 18.150000000000006], [31.55000000000001, 15.850000000000005], [31.95000000000001, 15.450000000000005], [38.15000000000001, 15.450000000000005], [38.45000000000002, 15.150000000000004], [38.45000000000002, 13.450000000000003], [39.15000000000001, 12.750000000000004], [39.15000000000001, 12.250000000000004], [39.45000000000002, 11.950000000000003]]}, "properties": {"layer": "path", "bed": "B044", "door": "D2-east", "walk_m": 17.97}}, {"type": "Feature", "geometry": {"type": "LineString", "coordinates": [[38.05000000000002, 8.450000000000003], [36.350000000000016, 8.550000000000002], [36.05000000000001, 8.850000000000001], [36.05000000000001, 10.150000000000002], [37.250000000000014, 11.350000000000003], [37.750000000000014, 11.350000000000003], [38.350000000000016, 11.950000000000003], [39.45000000000002, 11.950000000000003]]}, "properties": {"layer": "path", "bed": "B045", "door": "D2-east", "walk_m": 8.11}}, {"type": "Feature", "geometry": {"type": "LineString", "coordinates": [[38.250000000000014, 10.950000000000003], [39.45000000000002, 11.950000000000003]]}, "properties": {"layer": "path", "bed": "B046", "door": "D2-east", "walk_m": 2.11}}, {"type": "Feature", "geometry": {"type": "LineString", "coordinates": [[1.4500000000000004, 4.050000000000002], [1.9500000000000004, 3.450000000000001], [5.650000000000002, 3.450000000000001], [6.350000000000002, 2.750000000000001], [6.350000000000002, 2.150000000000001], [6.950000000000002, 1.5500000000000003], [6.950000000000002, 0.45]]}, "properties": {"layer": "path", "bed": "B047", "door": "D1-south", "walk_m": 8.55}}, {"type": "Feature", "geometry": {"type": "LineString", "coordinates": [[6.950000000000002, 12.550000000000002], [10.650000000000002, 12.450000000000003], [10.950000000000003, 12.150000000000004], [10.950000000000003, 9.850000000000003], [10.550000000000002, 9.450000000000003], [2.150000000000001, 9.350000000000001], [1.5500000000000003, 8.750000000000002], [0.45, 8.750000000000002]]}, "properties": {"layer": "path", "bed": "B048", "door": "D4-west", "walk_m": 17.92}}, {"type": "Feature", "geometry": {"type": "LineString", "coordinates": [[14.450000000000005, 15.550000000000004], [38.15000000000001, 15.450000000000005], [38.45000000000002, 15.150000000000004], [38.45000000000002, 13.450000000000003], [39.15000000000001, 12.750000000000004], [39.15000000000001, 12.250000000000004], [39.45000000000002, 11.950000000000003]]}, "properties": {"layer": "path", "bed": "B049", "door": "D2-east", "walk_m": 28.28}}, {"type": "Feature", "geometry": {"type": "LineString", "coordinates": [[15.550000000000004, 6.5500000000000025], [3.350000000000001, 6.5500000000000025], [2.950000000000001, 6.950000000000002], [2.950000000000001, 7.650000000000003], [2.450000000000001, 8.150000000000002], [2.150000000000001, 8.150000000000002], [1.5500000000000003, 8.750000000000002], [0.45, 8.750000000000002]]}, "properties": {"layer": "path", "bed": "B050", "door": "D4-west", "walk_m": 16.92}}, {"type": "Feature", "geometry": {"type": "LineString", "coordinates": [[16.050000000000004, 12.550000000000002], [11.350000000000003, 12.450000000000003], [10.950000000000003, 12.050000000000002], [10.950000000000003, 9.850000000000003], [10.550000000000002, 9.450000000000003], [2.150000000000001, 9.350000000000001], [1.5500000000000003, 8.750000000000002], [0.45, 8.750000000000002]]}, "properties": {"layer": "path", "bed": "B051", "door": "D4-west", "walk_m": 18.96}}, {"type": "Feature", "geometry": {"type": "LineString", "coordinates": [[19.050000000000004, 5.050000000000002], [18.950000000000006, 3.8500000000000014], [18.550000000000004, 3.450000000000001], [8.350000000000003, 3.450000000000001], [7.5500000000000025, 2.650000000000001], [7.5500000000000025, 2.150000000000001], [6.950000000000002, 1.5500000000000003], [6.950000000000002, 0.45]]}, "properties": {"layer": "path", "bed": "B052", "door": "D1-south", "walk_m": 16.09}}, {"type": "Feature", "geometry": {"type": "LineString", "coordinates": [[20.550000000000004, 12.750000000000004], [20.250000000000007, 13.050000000000004], [19.850000000000005, 13.050000000000004], [19.550000000000004, 13.350000000000003], [19.550000000000004, 15.150000000000004], [19.850000000000005, 15.450000000000005], [38.15000000000001, 15.450000000000005], [38.45000000000002, 15.150000000000004], [38.45000000000002, 13.450000000000003], [39.15000000000001, 12.750000000000004], [39.15000000000001, 12.250000000000004], [39.45000000000002, 11.950000000000003]]}, "properties": {"layer": "path", "bed": "B053", "door": "D2-east", "walk_m": 26.31}}, {"type": "Feature", "geometry": {"type": "LineString", "coordinates": [[33.55000000000001, 23.550000000000008], [31.35000000000001, 23.550000000000008], [30.85000000000001, 24.050000000000008], [28.35000000000001, 24.050000000000008], [27.95000000000001, 24.450000000000006], [24.35000000000001, 24.550000000000008], [23.750000000000007, 25.15000000000001], [23.250000000000007, 25.15000000000001], [22.950000000000006, 25.450000000000006]]}, "properties": {"layer": "path", "bed": "B054", "door": "D3-north", "walk_m": 11.89}}, {"type": "Feature", "geometry": {"type": "LineString", "coordinates": [[35.95000000000002, 10.550000000000002], [36.15000000000001, 10.550000000000002], [36.95000000000002, 11.350000000000003], [37.750000000000014, 11.350000000000003], [38.350000000000016, 11.950000000000003], [39.45000000000002, 11.950000000000003]]}, "properties": {"layer": "path", "bed": "B055", "door": "D2-east", "walk_m": 4.58}}, {"type": "Feature", "geometry": {"type": "LineString", "coordinates": [[34.55000000000001, 22.050000000000008], [33.850000000000016, 22.050000000000008], [33.55000000000001, 22.350000000000005], [33.45000000000002, 23.150000000000006], [33.05000000000001, 23.550000000000008], [31.35000000000001, 23.550000000000008], [30.85000000000001, 24.050000000000008], [28.35000000000001, 24.050000000000008], [27.95000000000001, 24.450000000000006], [24.35000000000001, 24.550000000000008], [23.750000000000007, 25.15000000000001], [23.250000000000007, 25.15000000000001], [22.950000000000006, 25.450000000000006]]}, "properties": {"layer": "path", "bed": "B056", "door": "D3-north", "walk_m": 13.92}}, {"type": "Feature", "geometry": {"type": "LineString", "coordinates": [[35.55000000000001, 3.550000000000001], [8.350000000000003, 3.450000000000001], [7.5500000000000025, 2.650000000000001], [7.5500000000000025, 2.150000000000001], [6.950000000000002, 1.5500000000000003], [6.950000000000002, 0.45]]}, "properties": {"layer": "path", "bed": "B057", "door": "D1-south", "walk_m": 31.32}}, {"type": "Feature", "geometry": {"type": "LineString", "coordinates": [[36.55000000000001, 18.550000000000004], [31.85000000000001, 18.450000000000006], [31.55000000000001, 18.150000000000006], [31.55000000000001, 15.850000000000005], [31.95000000000001, 15.450000000000005], [38.15000000000001, 15.450000000000005], [38.45000000000002, 15.150000000000004], [38.45000000000002, 13.450000000000003], [39.15000000000001, 12.750000000000004], [39.15000000000001, 12.250000000000004], [39.45000000000002, 11.950000000000003]]}, "properties": {"layer": "path", "bed": "B058", "door": "D2-east", "walk_m": 18.77}}, {"type": "Feature", "geometry": {"type": "LineString", "coordinates": [[38.55000000000002, 14.750000000000004], [38.55000000000002, 13.350000000000003], [39.15000000000001, 12.750000000000004], [39.15000000000001, 12.250000000000004], [39.45000000000002, 11.950000000000003]]}, "properties": {"layer": "path", "bed": "B059", "door": "D2-east", "walk_m": 3.67}}, {"type": "Feature", "geometry": {"type": "LineString", "coordinates": [[1.4500000000000004, 0.55], [6.950000000000002, 0.45]]}, "properties": {"layer": "path", "bed": "B060", "door": "D1-south", "walk_m": 6.04}}, {"type": "Feature", "geometry": {"type": "LineString", "coordinates": [[1.4500000000000004, 0.55], [6.950000000000002, 0.45]]}, "properties": {"layer": "path", "bed": "B061", "door": "D1-south", "walk_m": 6.04}}, {"type": "Feature", "geometry": {"type": "LineString", "coordinates": [[2.950000000000001, 6.450000000000002], [2.950000000000001, 7.650000000000003], [2.450000000000001, 8.150000000000002], [2.150000000000001, 8.150000000000002], [1.5500000000000003, 8.750000000000002], [0.45, 8.750000000000002]]}, "properties": {"layer": "path", "bed": "B062", "door": "D4-west", "walk_m": 4.66}}, {"type": "Feature", "geometry": {"type": "LineString", "coordinates": [[2.950000000000001, 6.450000000000002], [2.950000000000001, 7.650000000000003], [2.450000000000001, 8.150000000000002], [2.150000000000001, 8.150000000000002], [1.5500000000000003, 8.750000000000002], [0.45, 8.750000000000002]]}, "properties": {"layer": "path", "bed": "B063", "door": "D4-west", "walk_m": 4.66}}, {"type": "Feature", "geometry": {"type": "LineString", "coordinates": [[3.450000000000001, 0.55], [6.950000000000002, 0.45]]}, "properties": {"layer": "path", "bed": "B064", "door": "D1-south", "walk_m": 4.04}}, {"type": "Feature", "geometry": {"type": "LineString", "coordinates": [[3.450000000000001, 0.55], [6.950000000000002, 0.45]]}, "properties": {"layer": "path", "bed": "B065", "door": "D1-south", "walk_m": 4.04}}, {"type": "Feature", "geometry": {"type": "LineString", "coordinates": [[3.450000000000001, 9.550000000000002], [3.250000000000001, 9.350000000000001], [2.150000000000001, 9.350000000000001], [1.5500000000000003, 8.750000000000002], [0.45, 8.750000000000002]]}, "properties": {"layer": "path", "bed": "B066", "door": "D4-west", "walk_m": 3.83}}, {"type": "Feature", "geometry": {"type": "LineString", "coordinates": [[4.450000000000002, 19.050000000000004], [4.850000000000001, 18.550000000000004], [8.650000000000002, 18.550000000000004], [9.050000000000002, 18.950000000000006], [9.050000000000002, 21.150000000000006], [9.450000000000003, 21.550000000000008], [27.65000000000001, 21.550000000000008], [27.95000000000001, 21.850000000000005], [27.95000000000001, 24.150000000000006], [27.65000000000001, 24.450000000000006], [24.35000000000001, 24.550000000000008], [23.750000000000007, 25.15000000000001], [23.250000000000007, 25.15000000000001], [22.950000000000006, 25.450000000000006]]}, "properties": {"layer": "path", "bed": "B067", "door": "D3-north", "walk_m": 34.76}}, {"type": "Feature", "geometry": {"type": "LineString", "coordinates": [[4.950000000000002, 6.450000000000002], [3.350000000000001, 6.5500000000000025], [2.950000000000001, 6.950000000000002], [2.950000000000001, 7.650000000000003], [2.450000000000001, 8.150000000000002], [2.150000000000001, 8.150000000000002], [1.5500000000000003, 8.750000000000002], [0.45, 8.750000000000002]]}, "properties": {"layer": "path", "bed": "B068", "door": "D4-west", "walk_m": 6.36}}, {"type": "Feature", "geometry": {"type": "LineString", "coordinates": [[4.950000000000002, 6.450000000000002], [3.350000000000001, 6.5500000000000025], [2.950000000000001, 6.950000000000002], [2.950000000000001, 7.650000000000003], [2.450000000000001, 8.150000000000002], [2.150000000000001, 8.150000000000002], [1.5500000000000003, 8.750000000000002], [0.45, 8.750000000000002]]}, "properties": {"layer": "path", "bed": "B069", "door": "D4-west", "walk_m": 6.36}}, {"type": "Feature", "geometry": {"type": "LineString", "coordinates": [[4.950000000000002, 9.450000000000003], [2.150000000000001, 9.350000000000001], [1.5500000000000003, 8.750000000000002], [0.45, 8.750000000000002]]}, "properties": {"layer": "path", "bed": "B070", "door": "D4-west", "walk_m": 5.29}}, {"type": "Feature", "geometry": {"type": "LineString", "coordinates": [[4.950000000000002, 9.450000000000003], [2.150000000000001, 9.350000000000001], [1.5500000000000003, 8.750000000000002], [0.45, 8.750000000000002]]}, "properties": {"layer": "path", "bed": "B071", "door": "D4-west", "walk_m": 5.29}}, {"type": "Feature", "geometry": {"type": "LineString", "coordinates": [[6.950000000000002, 20.950000000000006], [7.450000000000003, 21.550000000000008], [27.65000000000001, 21.550000000000008], [27.95000000000001, 21.850000000000005], [27.95000000000001, 24.150000000000006], [27.65000000000001, 24.450000000000006], [24.35000000000001, 24.550000000000008], [23.750000000000007, 25.15000000000001], [23.250000000000007, 25.15000000000001], [22.950000000000006, 25.450000000000006]]}, "properties": {"layer": "path", "bed": "B072", "door": "D3-north", "walk_m": 29.77}}, {"type": "Feature", "geometry": {"type": "LineString", "coordinates": [[6.950000000000002, 6.450000000000002], [3.350000000000001, 6.5500000000000025], [2.950000000000001, 6.950000000000002], [2.950000000000001, 7.650000000000003], [2.450000000000001, 8.150000000000002], [2.150000000000001, 8.150000000000002], [1.5500000000000003, 8.750000000000002], [0.45, 8.750000000000002]]}, "properties": {"layer": "path", "bed": "B073", "door": "D4-west", "walk_m": 8.36}}, {"type": "Feature", "geometry": {"type": "LineString", "coordinates": [[6.950000000000002, 3.550000000000001], [6.950000000000002, 0.45]]}, "properties": {"layer": "path", "bed": "B074", "door": "D1-south", "walk_m": 3.6}}, {"type": "Feature", "geometry": {"type": "LineString", "coordinates": [[6.950000000000002, 9.450000000000003], [2.150000000000001, 9.350000000000001], [1.5500000000000003, 8.750000000000002], [0.45, 8.750000000000002]]}, "properties": {"layer": "path", "bed": "B075", "door": "D4-west", "walk_m": 7.29}}, {"type": "Feature", "geometry": {"type": "LineString", "coordinates": [[6.950000000000002, 9.450000000000003], [2.150000000000001, 9.350000000000001], [1.5500000000000003, 8.750000000000002], [0.45, 8.750000000000002]]}, "properties": {"layer": "path", "bed": "B076", "door": "D4-west", "walk_m": 7.29}}, {"type": "Feature", "geometry": {"type": "LineString", "coordinates": [[7.450000000000003, 12.550000000000002], [10.650000000000002, 12.450000000000003], [10.950000000000003, 12.150000000000004], [10.950000000000003, 9.850000000000003], [10.550000000000002, 9.450000000000003], [2.150000000000001, 9.350000000000001], [1.5500000000000003, 8.750000000000002], [0.45, 8.750000000000002]]}, "properties": {"layer": "path", "bed": "B077", "door": "D4-west", "walk_m": 17.42}}, {"type": "Feature", "geometry": {"type": "LineString", "coordinates": [[8.950000000000003, 3.550000000000001], [8.350000000000003, 3.450000000000001], [7.5500000000000025, 2.650000000000001], [7.5500000000000025, 2.150000000000001], [6.950000000000002, 1.5500000000000003], [6.950000000000002, 0.45]]}, "properties": {"layer": "path", "bed": "B078", "door": "D1-south", "walk_m": 4.72}}, {"type": "Feature", "geometry": {"type": "LineString", "coordinates": [[8.950000000000003, 3.550000000000001], [8.350000000000003, 3.450000000000001], [7.5500000000000025, 2.650000000000001], [7.5500000000000025, 2.150000000000001], [6.950000000000002, 1.5500000000000003], [6.950000000000002, 0.45]]}, "properties": {"layer": "path", "bed": "B079", "door": "D1-south", "walk_m": 4.72}}, {"type": "Feature", "geometry": {"type": "LineString", "coordinates": [[8.950000000000003, 9.450000000000003], [2.150000000000001, 9.350000000000001], [1.5500000000000003, 8.750000000000002], [0.45, 8.750000000000002]]}, "properties": {"layer": "path", "bed": "B080", "door": "D4-west", "walk_m": 9.29}}, {"type": "Feature", "geometry": {"type": "LineString", "coordinates": [[8.950000000000003, 9.450000000000003], [2.150000000000001, 9.350000000000001], [1.5500000000000003, 8.750000000000002], [0.45, 8.750000000000002]]}, "properties": {"layer": "path", "bed": "B081", "door": "D4-west", "walk_m": 9.29}}, {"type": "Feature", "geometry": {"type": "LineString", "coordinates": [[9.450000000000003, 0.55], [6.950000000000002, 0.45]]}, "properties": {"layer": "path", "bed": "B082", "door": "D1-south", "walk_m": 3.04}}, {"type": "Feature", "geometry": {"type": "LineString", "coordinates": [[9.450000000000003, 0.55], [6.950000000000002, 0.45]]}, "properties": {"layer": "path", "bed": "B083", "door": "D1-south", "walk_m": 3.04}}, {"type": "Feature", "geometry": {"type": "LineString", "coordinates": [[9.450000000000003, 12.550000000000002], [10.650000000000002, 12.450000000000003], [10.950000000000003, 12.150000000000004], [10.950000000000003, 9.850000000000003], [10.550000000000002, 9.450000000000003], [2.150000000000001, 9.350000000000001], [1.5500000000000003, 8.750000000000002], [0.45, 8.750000000000002]]}, "properties": {"layer": "path", "bed": "B084", "door": "D4-west", "walk_m": 15.42}}, {"type": "Feature", "geometry": {"type": "LineString", "coordinates": [[10.950000000000003, 3.550000000000001], [8.350000000000003, 3.450000000000001], [7.5500000000000025, 2.650000000000001], [7.5500000000000025, 2.150000000000001], [6.950000000000002, 1.5500000000000003], [6.950000000000002, 0.45]]}, "properties": {"layer": "path", "bed": "B085", "door": "D1-south", "walk_m": 6.72}}, {"type": "Feature", "geometry": {"type": "LineString", "coordinates": [[10.950000000000003, 3.550000000000001], [8.350000000000003, 3.450000000000001], [7.5500000000000025, 2.650000000000001], [7.5500000000000025, 2.150000000000001], [6.950000000000002, 1.5500000000000003], [6.950000000000002, 0.45]]}, "properties": {"layer": "path", "bed": "B086", "door": "D1-south", "walk_m": 6.72}}, {"type": "Feature", "geometry": {"type": "LineString", "coordinates": [[10.950000000000003, 9.450000000000003], [2.150000000000001, 9.350000000000001], [1.5500000000000003, 8.750000000000002], [0.45, 8.750000000000002]]}, "properties": {"layer": "path", "bed": "B087", "door": "D4-west", "walk_m": 11.29}}, {"type": "Feature", "geometry": {"type": "LineString", "coordinates": [[10.950000000000003, 9.450000000000003], [2.150000000000001, 9.350000000000001], [1.5500000000000003, 8.750000000000002], [0.45, 8.750000000000002]]}, "properties": {"layer": "path", "bed": "B088", "door": "D4-west", "walk_m": 11.29}}, {"type": "Feature", "geometry": {"type": "LineString", "coordinates": [[11.450000000000003, 0.55], [6.950000000000002, 0.45]]}, "properties": {"layer": "path", "bed": "B089", "door": "D1-south", "walk_m": 5.04}}, {"type": "Feature", "geometry": {"type": "LineString", "coordinates": [[11.450000000000003, 12.550000000000002], [10.950000000000003, 12.050000000000002], [10.950000000000003, 9.850000000000003], [10.550000000000002, 9.450000000000003], [2.150000000000001, 9.350000000000001], [1.5500000000000003, 8.750000000000002], [0.45, 8.750000000000002]]}, "properties": {"layer": "path", "bed": "B090", "door": "D4-west", "walk_m": 14.36}}, {"type": "Feature", "geometry": {"type": "LineString", "coordinates": [[12.450000000000003, 9.550000000000002], [2.150000000000001, 9.350000000000001], [1.5500000000000003, 8.750000000000002], [0.45, 8.750000000000002]]}, "properties": {"layer": "path", "bed": "B091", "door": "D4-west", "walk_m": 12.83}}, {"type": "Feature", "geometry": {"type": "LineString", "coordinates": [[12.450000000000003, 9.550000000000002], [2.150000000000001, 9.350000000000001], [1.5500000000000003, 8.750000000000002], [0.45, 8.750000000000002]]}, "properties": {"layer": "path", "bed": "B092", "door": "D4-west", "walk_m": 12.83}}, {"type": "Feature", "geometry": {"type": "LineString", "coordinates": [[12.950000000000003, 3.550000000000001], [8.350000000000003, 3.450000000000001], [7.5500000000000025, 2.650000000000001], [7.5500000000000025, 2.150000000000001], [6.950000000000002, 1.5500000000000003], [6.950000000000002, 0.45]]}, "properties": {"layer": "path", "bed": "B093", "door": "D1-south", "walk_m": 8.72}}, {"type": "Feature", "geometry": {"type": "LineString", "coordinates": [[12.950000000000003, 3.550000000000001], [8.350000000000003, 3.450000000000001], [7.5500000000000025, 2.650000000000001], [7.5500000000000025, 2.150000000000001], [6.950000000000002, 1.5500000000000003], [6.950000000000002, 0.45]]}, "properties": {"layer": "path", "bed": "B094", "door": "D1-south", "walk_m": 8.72}}, {"type": "Feature", "geometry": {"type": "LineString", "coordinates": [[12.950000000000003, 9.450000000000003], [3.8500000000000014, 9.450000000000003], [2.150000000000001, 9.350000000000001], [1.5500000000000003, 8.750000000000002], [0.45, 8.750000000000002]]}, "properties": {"layer": "path", "bed": "B095", "door": "D4-west", "walk_m": 13.29}}, {"type": "Feature", "geometry": {"type": "LineString", "coordinates": [[12.950000000000003, 9.450000000000003], [3.8500000000000014, 9.450000000000003], [2.150000000000001, 9.350000000000001], [1.5500000000000003, 8.750000000000002], [0.45, 8.750000000000002]]}, "properties": {"layer": "path", "bed": "B096", "door": "D4-west", "walk_m": 13.29}}, {"type": "Feature", "geometry": {"type": "LineString", "coordinates": [[12.950000000000003, 21.450000000000006], [27.65000000000001, 21.550000000000008], [27.95000000000001, 21.850000000000005], [27.95000000000001, 24.150000000000006], [27.65000000000001, 24.450000000000006], [24.35000000000001, 24.550000000000008], [23.750000000000007, 25.15000000000001], [23.250000000000007, 25.15000000000001], [22.950000000000006, 25.450000000000006]]}, "properties": {"layer": "path", "bed": "B097", "door": "D3-north", "walk_m": 23.5}}, {"type": "Feature", "geometry": {"type": "LineString", "coordinates": [[13.450000000000003, 12.550000000000002], [11.350000000000003, 12.450000000000003], [10.950000000000003, 12.050000000000002], [10.950000000000003, 9.850000000000003], [10.550000000000002, 9.450000000000003], [2.150000000000001, 9.350000000000001], [1.5500000000000003, 8.750000000000002], [0.45, 8.750000000000002]]}, "properties": {"layer": "path", "bed": "B098", "door": "D4-west", "walk_m": 16.36}}, {"type": "Feature", "geometry": {"type": "LineString", "coordinates": [[14.450000000000005, 9.550000000000002], [3.8500000000000014, 9.450000000000003], [2.150000000000001, 9.350000000000001], [1.5500000000000003, 8.750000000000002], [0.45, 8.750000000000002]]}, "properties": {"layer": "path", "bed": "B099", "door": "D4-west", "walk_m": 14.83}}, {"type": "Feature", "geometry": {"type": "LineString", "coordinates": [[14.950000000000005, 3.550000000000001], [8.350000000000003, 3.450000000000001], [7.5500000000000025, 2.650000000000001], [7.5500000000000025, 2.150000000000001], [6.950000000000002, 1.5500000000000003], [6.950000000000002, 0.45]]}, "properties": {"layer": "path", "bed": "B100", "door": "D1-south", "walk_m": 10.72}}, {"type": "Feature", "geometry": {"type": "LineString", "coordinates": [[14.950000000000005, 3.550000000000001], [8.350000000000003, 3.450000000000001], [7.5500000000000025, 2.650000000000001], [7.5500000000000025, 2.150000000000001], [6.950000000000002, 1.5500000000000003], [6.950000000000002, 0.45]]}, "properties": {"layer": "path", "bed": "B101", "door": "D1-south", "walk_m": 10.72}}, {"type": "Feature", "geometry": {"type": "LineString", "coordinates": [[14.950000000000005, 9.450000000000003], [3.8500000000000014, 9.450000000000003], [2.150000000000001, 9.350000000000001], [1.5500000000000003, 8.750000000000002], [0.45, 8.750000000000002]]}, "properties": {"layer": "path", "bed": "B102", "door": "D4-west", "walk_m": 15.29}}, {"type": "Feature", "geometry": {"type": "LineString", "coordinates": [[14.950000000000005, 9.450000000000003], [3.8500000000000014, 9.450000000000003], [2.150000000000001, 9.350000000000001], [1.5500000000000003, 8.750000000000002], [0.45, 8.750000000000002]]}, "properties": {"layer": "path", "bed": "B103", "door": "D4-west", "walk_m": 15.29}}, {"type": "Feature", "geometry": {"type": "LineString", "coordinates": [[14.950000000000005, 12.550000000000002], [11.350000000000003, 12.450000000000003], [10.950000000000003, 12.050000000000002], [10.950000000000003, 9.850000000000003], [10.550000000000002, 9.450000000000003], [2.150000000000001, 9.350000000000001], [1.5500000000000003, 8.750000000000002], [0.45, 8.750000000000002]]}, "properties": {"layer": "path", "bed": "B104", "door": "D4-west", "walk_m": 17.86}}, {"type": "Feature", "geometry": {"type": "LineString", "coordinates": [[16.450000000000006, 19.050000000000004], [18.150000000000006, 18.950000000000006], [18.650000000000006, 18.450000000000006], [28.15000000000001, 18.450000000000006], [28.550000000000008, 18.050000000000004], [28.550000000000008, 15.850000000000005], [28.95000000000001, 15.450000000000005], [38.15000000000001, 15.450000000000005], [38.45000000000002, 15.150000000000004], [38.45000000000002, 13.450000000000003], [39.15000000000001, 12.750000000000004], [39.15000000000001, 12.250000000000004], [39.45000000000002, 11.950000000000003]]}, "properties": {"layer": "path", "bed": "B105", "door": "D2-east", "walk_m": 29.02}}, {"type": "Feature", "geometry": {"type": "LineString", "coordinates": [[14.950000000000005, 24.450000000000006], [21.650000000000006, 24.550000000000008], [22.250000000000007, 25.15000000000001], [22.650000000000006, 25.15000000000001], [22.950000000000006, 25.450000000000006]]}, "properties": {"layer": "path", "bed": "B106", "door": "D3-north", "walk_m": 8.91}}, {"type": "Feature", "geometry": {"type": "LineString", "coordinates": [[14.950000000000005, 24.450000000000006], [21.650000000000006, 24.550000000000008], [22.250000000000007, 25.15000000000001], [22.650000000000006, 25.15000000000001], [22.950000000000006, 25.450000000000006]]}, "properties": {"layer": "path", "bed": "B107", "door": "D3-north", "walk_m": 8.91}}, {"type": "Feature", "geometry": {"type": "LineString", "coordinates": [[14.950000000000005, 24.550000000000008], [21.650000000000006, 24.550000000000008], [22.250000000000007, 25.15000000000001], [22.650000000000006, 25.15000000000001], [22.950000000000006, 25.450000000000006]]}, "properties": {"layer": "path", "bed": "B108", "door": "D3-north", "walk_m": 8.87}}, {"type": "Feature", "geometry": {"type": "LineString", "coordinates": [[15.450000000000005, 15.450000000000005], [38.15000000000001, 15.450000000000005], [38.45000000000002, 15.150000000000004], [38.45000000000002, 13.450000000000003], [39.15000000000001, 12.750000000000004], [39.15000000000001, 12.250000000000004], [39.45000000000002, 11.950000000000003]]}, "properties": {"layer": "path", "bed": "B109", "door": "D2-east", "walk_m": 27.24}}, {"type": "Feature", "geometry": {"type": "LineString", "coordinates": [[16.950000000000006, 3.550000000000001], [8.350000000000003, 3.450000000000001], [7.5500000000000025, 2.650000000000001], [7.5500000000000025, 2.150000000000001], [6.950000000000002, 1.5500000000000003], [6.950000000000002, 0.45]]}, "properties": {"layer": "path", "bed": "B110", "door": "D1-south", "walk_m": 12.72}}, {"type": "Feature", "geometry": {"type": "LineString", "coordinates": [[15.550000000000004, 6.5500000000000025], [3.350000000000001, 6.5500000000000025], [2.950000000000001, 6.950000000000002], [2.950000000000001, 7.650000000000003], [2.450000000000001, 8.150000000000002], [2.150000000000001, 8.150000000000002], [1.5500000000000003, 8.750000000000002], [0.45, 8.750000000000002]]}, "properties": {"layer": "path", "bed": "B111", "door": "D4-west", "walk_m": 16.92}}, {"type": "Feature", "geometry": {"type": "LineString", "coordinates": [[16.950000000000006, 15.450000000000005], [38.15000000000001, 15.450000000000005], [38.45000000000002, 15.150000000000004], [38.45000000000002, 13.450000000000003], [39.15000000000001, 12.750000000000004], [39.15000000000001, 12.250000000000004], [39.45000000000002, 11.950000000000003]]}, "properties": {"layer": "path", "bed": "B112", "door": "D2-east", "walk_m": 25.74}}, {"type": "Feature", "geometry": {"type": "LineString", "coordinates": [[16.950000000000006, 19.050000000000004], [18.150000000000006, 18.950000000000006], [18.650000000000006, 18.450000000000006], [28.15000000000001, 18.450000000000006], [28.550000000000008, 18.050000000000004], [28.550000000000008, 15.850000000000005], [28.95000000000001, 15.450000000000005], [38.15000000000001, 15.450000000000005], [38.45000000000002, 15.150000000000004], [38.45000000000002, 13.450000000000003], [39.15000000000001, 12.750000000000004], [39.15000000000001, 12.250000000000004], [39.45000000000002, 11.950000000000003]]}, "properties": {"layer": "path", "bed": "B113", "door": "D2-east", "walk_m": 28.52}}, {"type": "Feature", "geometry": {"type": "LineString", "coordinates": [[16.950000000000006, 24.450000000000006], [21.650000000000006, 24.550000000000008], [22.250000000000007, 25.15000000000001], [22.650000000000006, 25.15000000000001], [22.950000000000006, 25.450000000000006]]}, "properties": {"layer": "path", "bed": "B114", "door": "D3-north", "walk_m": 6.91}}, {"type": "Feature", "geometry": {"type": "LineString", "coordinates": [[16.950000000000006, 24.450000000000006], [21.650000000000006, 24.550000000000008], [22.250000000000007, 25.15000000000001], [22.650000000000006, 25.15000000000001], [22.950000000000006, 25.450000000000006]]}, "properties": {"layer": "path", "bed": "B115", "door": "D3-north", "walk_m": 6.91}}, {"type": "Feature", "geometry": {"type": "LineString", "coordinates": [[16.950000000000006, 24.550000000000008], [21.650000000000006, 24.550000000000008], [22.250000000000007, 25.15000000000001], [22.650000000000006, 25.15000000000001], [22.950000000000006, 25.450000000000006]]}, "properties": {"layer": "path", "bed": "B116", "door": "D3-north", "walk_m": 6.87}}, {"type": "Feature", "geometry": {"type": "LineString", "coordinates": [[20.450000000000006, 0.55], [6.950000000000002, 0.45]]}, "properties": {"layer": "path", "bed": "B117", "door": "D1-south", "walk_m": 14.04}}, {"type": "Feature", "geometry": {"type": "LineString", "coordinates": [[20.450000000000006, 0.55], [6.950000000000002, 0.45]]}, "properties": {"layer": "path", "bed": "B118", "door": "D1-south", "walk_m": 14.04}}, {"type": "Feature", "geometry": {"type": "LineString", "coordinates": [[20.450000000000006, 15.550000000000004], [38.15000000000001, 15.450000000000005], [38.45000000000002, 15.150000000000004], [38.45000000000002, 13.450000000000003], [39.15000000000001, 12.750000000000004], [39.15000000000001, 12.250000000000004], [39.45000000000002, 11.950000000000003]]}, "properties": {"layer": "path", "bed": "B119", "door": "D2-east", "walk_m": 22.28}}, {"type": "Feature", "geometry": {"type": "LineString", "coordinates": [[20.450000000000006, 24.450000000000006], [21.650000000000006, 24.550000000000008], [22.250000000000007, 25.15000000000001], [22.650000000000006, 25.15000000000001], [22.950000000000006, 25.450000000000006]]}, "properties": {"layer": "path", "bed": "B120", "door": "D3-north", "walk_m": 3.41}}, {"type": "Feature", "geometry": {"type": "LineString", "coordinates": [[21.950000000000006, 25.550000000000008], [22.950000000000006, 25.450000000000006]]}, "properties": {"layer": "path", "bed": "B121", "door": "D3-north", "walk_m": 1.54}}, {"type": "Feature", "geometry": {"type": "LineString", "coordinates": [[21.450000000000006, 3.550000000000001], [8.350000000000003, 3.450000000000001], [7.5500000000000025, 2.650000000000001], [7.5500000000000025, 2.150000000000001], [6.950000000000002, 1.5500000000000003], [6.950000000000002, 0.45]]}, "properties": {"layer": "path", "bed": "B122", "door": "D1-south", "walk_m": 17.22}}, {"type": "Feature", "geometry": {"type": "LineString", "coordinates": [[22.450000000000006, 0.55], [6.950000000000002, 0.45]]}, "properties": {"layer": "path", "bed": "B123", "door": "D1-south", "walk_m": 16.04}}, {"type": "Feature", "geometry": {"type": "LineString", "coordinates": [[22.450000000000006, 0.55], [6.950000000000002, 0.45]]}, "properties": {"layer": "path", "bed": "B124", "door": "D1-south", "walk_m": 16.04}}, {"type": "Feature", "geometry": {"type": "LineString", "coordinates": [[22.950000000000006, 15.550000000000004], [38.15000000000001, 15.450000000000005], [38.45000000000002, 15.150000000000004], [38.45000000000002, 13.450000000000003], [39.15000000000001, 12.750000000000004], [39.15000000000001, 12.250000000000004], [39.45000000000002, 11.950000000000003]]}, "properties": {"layer": "path", "bed": "B125", "door": "D2-east", "walk_m": 19.78}}, {"type": "Feature", "geometry": {"type": "LineString", "coordinates": [[23.450000000000006, 23.450000000000006], [22.950000000000006, 24.050000000000008], [22.950000000000006, 25.450000000000006]]}, "properties": {"layer": "path", "bed": "B126", "door": "D3-north", "walk_m": 2.71}}, {"type": "Feature", "geometry": {"type": "LineString", "coordinates": [[24.450000000000006, 0.55], [6.950000000000002, 0.45]]}, "properties": {"layer": "path", "bed": "B127", "door": "D1-south", "walk_m": 18.04}}, {"type": "Feature", "geometry": {"type": "LineString", "coordinates": [[24.450000000000006, 0.55], [6.950000000000002, 0.45]]}, "properties": {"layer": "path", "bed": "B128", "door": "D1-south", "walk_m": 18.04}}, {"type": "Feature", "geometry": {"type": "LineString", "coordinates": [[24.950000000000006, 15.550000000000004], [38.15000000000001, 15.450000000000005], [38.45000000000002, 15.150000000000004], [38.45000000000002, 13.450000000000003], [39.15000000000001, 12.750000000000004], [39.15000000000001, 12.250000000000004], [39.45000000000002, 11.950000000000003]]}, "properties": {"layer": "path", "bed": "B129", "door": "D2-east", "walk_m": 17.78}}, {"type": "Feature", "geometry": {"type": "LineString", "coordinates": [[25.450000000000006, 24.450000000000006], [24.450000000000006, 24.450000000000006], [23.750000000000007, 25.15000000000001], [23.250000000000007, 25.15000000000001], [22.950000000000006, 25.450000000000006]]}, "properties": {"layer": "path", "bed": "B130", "door": "D3-north", "walk_m": 3.41}}, {"type": "Feature", "geometry": {"type": "LineString", "coordinates": [[25.450000000000006, 24.450000000000006], [24.450000000000006, 24.450000000000006], [23.750000000000007, 25.15000000000001], [23.250000000000007, 25.15000000000001], [22.950000000000006, 25.450000000000006]]}, "properties": {"layer": "path", "bed": "B131", "door": "D3-north", "walk_m": 3.41}}, {"type": "Feature", "geometry": {"type": "LineString", "coordinates": [[25.950000000000006, 18.550000000000004], [28.15000000000001, 18.450000000000006], [28.550000000000008, 18.050000000000004], [28.550000000000008, 15.850000000000005], [28.95000000000001, 15.450000000000005], [38.15000000000001, 15.450000000000005], [38.45000000000002, 15.150000000000004], [38.45000000000002, 13.450000000000003], [39.15000000000001, 12.750000000000004], [39.15000000000001, 12.250000000000004], [39.45000000000002, 11.950000000000003]]}, "properties": {"layer": "path", "bed": "B132", "door": "D2-east", "walk_m": 19.31}}, {"type": "Feature", "geometry": {"type": "LineString", "coordinates": [[26.450000000000006, 0.55], [6.950000000000002, 0.45]]}, "properties": {"layer": "path", "bed": "B133", "door": "D1-south", "walk_m": 20.04}}, {"type": "Feature", "geometry": {"type": "LineString", "coordinates": [[26.450000000000006, 0.55], [6.950000000000002, 0.45]]}, "properties": {"layer": "path", "bed": "B134", "door": "D1-south", "walk_m": 20.04}}, {"type": "Feature", "geometry": {"type": "LineString", "coordinates": [[27.95000000000001, 12.550000000000002], [37.65000000000001, 12.350000000000003], [38.05000000000002, 11.950000000000003], [39.45000000000002, 11.950000000000003]]}, "properties": {"layer": "path", "bed": "B135", "door": "D2-east", "walk_m": 12.25}}, {"type": "Feature", "geometry": {"type": "LineString", "coordinates": [[26.450000000000006, 18.550000000000004], [28.15000000000001, 18.450000000000006], [28.550000000000008, 18.050000000000004], [28.550000000000008, 15.850000000000005], [28.95000000000001, 15.450000000000005], [38.15000000000001, 15.450000000000005], [38.45000000000002, 15.150000000000004], [38.45000000000002, 13.450000000000003], [39.15000000000001, 12.750000000000004], [39.15000000000001, 12.250000000000004], [39.45000000000002, 11.950000000000003]]}, "properties": {"layer": "path", "bed": "B136", "door": "D2-east", "walk_m": 18.81}}, {"type": "Feature", "geometry": {"type": "LineString", "coordinates": [[26.950000000000006, 15.550000000000004], [38.15000000000001, 15.450000000000005], [38.45000000000002, 15.150000000000004], [38.45000000000002, 13.450000000000003], [39.15000000000001, 12.750000000000004], [39.15000000000001, 12.250000000000004], [39.45000000000002, 11.950000000000003]]}, "properties": {"layer": "path", "bed": "B137", "door": "D2-east", "walk_m": 15.78}}, {"type": "Feature", "geometry": {"type": "LineString", "coordinates": [[27.45000000000001, 3.550000000000001], [8.350000000000003, 3.450000000000001], [7.5500000000000025, 2.650000000000001], [7.5500000000000025, 2.150000000000001], [6.950000000000002, 1.5500000000000003], [6.950000000000002, 0.45]]}, "properties": {"layer": "path", "bed": "B138", "door": "D1-south", "walk_m": 23.22}}, {"type": "Feature", "geometry": {"type": "LineString", "coordinates": [[27.95000000000001, 18.550000000000004], [28.550000000000008, 18.050000000000004], [28.550000000000008, 15.850000000000005], [28.95000000000001, 15.450000000000005], [38.15000000000001, 15.450000000000005], [38.45000000000002, 15.150000000000004], [38.45000000000002, 13.450000000000003], [39.15000000000001, 12.750000000000004], [39.15000000000001, 12.250000000000004], [39.45000000000002, 11.950000000000003]]}, "properties": {"layer": "path", "bed": "B139", "door": "D2-east", "walk_m": 17.31}}, {"type": "Feature", "geometry": {"type": "LineString", "coordinates": [[28.45000000000001, 0.55], [6.950000000000002, 0.45]]}, "properties": {"layer": "path", "bed": "B140", "door": "D1-south", "walk_m": 22.04}}, {"type": "Feature", "geometry": {"type": "LineString", "coordinates": [[28.45000000000001, 0.55], [6.950000000000002, 0.45]]}, "properties": {"layer": "path", "bed": "B141", "door": "D1-south", "walk_m": 22.04}}, {"type": "Feature", "geometry": {"type": "LineString", "coordinates": [[28.45000000000001, 12.550000000000002], [37.65000000000001, 12.350000000000003], [38.05000000000002, 11.950000000000003], [39.45000000000002, 11.950000000000003]]}, "properties": {"layer": "path", "bed": "B142", "door": "D2-east", "walk_m": 11.75}}, {"type": "Feature", "geometry": {"type": "LineString", "coordinates": [[29.95000000000001, 15.550000000000004], [38.15000000000001, 15.450000000000005], [38.45000000000002, 15.150000000000004], [38.45000000000002, 13.450000000000003], [39.15000000000001, 12.750000000000004], [39.15000000000001, 12.250000000000004], [39.45000000000002, 11.950000000000003]]}, "properties": {"layer": "path", "bed": "B143", "door": "D2-east", "walk_m": 12.78}}, {"type": "Feature", "geometry": {"type": "LineString", "coordinates": [[30.45000000000001, 0.55], [6.950000000000002, 0.45]]}, "properties": {"layer": "path", "bed": "B144", "door": "D1-south", "walk_m": 24.04}}, {"type": "Feature", "geometry": {"type": "LineString", "coordinates": [[30.45000000000001, 0.55], [6.950000000000002, 0.45]]}, "properties": {"layer": "path", "bed": "B145", "door": "D1-south", "walk_m": 24.04}}, {"type": "Feature", "geometry": {"type": "LineString", "coordinates": [[30.45000000000001, 12.550000000000002], [37.65000000000001, 12.350000000000003], [38.05000000000002, 11.950000000000003], [39.45000000000002, 11.950000000000003]]}, "properties": {"layer": "path", "bed": "B146", "door": "D2-east", "walk_m": 9.75}}, {"type": "Feature", "geometry": {"type": "LineString", "coordinates": [[30.45000000000001, 12.550000000000002], [37.65000000000001, 12.350000000000003], [38.05000000000002, 11.950000000000003], [39.45000000000002, 11.950000000000003]]}, "properties": {"layer": "path", "bed": "B147", "door": "D2-east", "walk_m": 9.75}}, {"type": "Feature", "geometry": {"type": "LineString", "coordinates": [[31.45000000000001, 18.550000000000004], [31.55000000000001, 15.850000000000005], [31.95000000000001, 15.450000000000005], [38.15000000000001, 15.450000000000005], [38.45000000000002, 15.150000000000004], [38.45000000000002, 13.450000000000003], [39.15000000000001, 12.750000000000004], [39.15000000000001, 12.250000000000004], [39.45000000000002, 11.950000000000003]]}, "properties": {"layer": "path", "bed": "B148", "door": "D2-east", "walk_m": 14.05}}, {"type": "Feature", "geometry": {"type": "LineString", "coordinates": [[31.95000000000001, 3.550000000000001], [8.350000000000003, 3.450000000000001], [7.5500000000000025, 2.650000000000001], [7.5500000000000025, 2.150000000000001], [6.950000000000002, 1.5500000000000003], [6.950000000000002, 0.45]]}, "properties": {"layer": "path", "bed": "B149", "door": "D1-south", "walk_m": 27.72}}, {"type": "Feature", "geometry": {"type": "LineString", "coordinates": [[32.05000000000001, 1.0500000000000003], [31.55000000000001, 0.45], [6.950000000000002, 0.45]]}, "properties": {"layer": "path", "bed": "B150", "door": "D1-south", "walk_m": 25.91}}, {"type": "Feature", "geometry": {"type": "LineString", "coordinates": [[32.45000000000002, 12.550000000000002], [37.65000000000001, 12.350000000000003], [38.05000000000002, 11.950000000000003], [39.45000000000002, 11.950000000000003]]}, "properties": {"layer": "path", "bed": "B151", "door": "D2-east", "walk_m": 7.75}}, {"type": "Feature", "geometry": {"type": "LineString", "coordinates": [[32.45000000000002, 12.550000000000002], [37.65000000000001, 12.350000000000003], [38.05000000000002, 11.950000000000003], [39.45000000000002, 11.950000000000003]]}, "properties": {"layer": "path", "bed": "B152", "door": "D2-east", "walk_m": 7.75}}, {"type": "Feature", "geometry": {"type": "LineString", "coordinates": [[33.95000000000002, 21.450000000000006], [33.95000000000002, 21.650000000000006], [33.45000000000002, 22.150000000000006], [33.45000000000002, 23.150000000000006], [33.05000000000001, 23.550000000000008], [31.35000000000001, 23.550000000000008], [30.85000000000001, 24.050000000000008], [28.35000000000001, 24.050000000000008], [27.95000000000001, 24.450000000000006], [24.35000000000001, 24.550000000000008], [23.750000000000007, 25.15000000000001], [23.250000000000007, 25.15000000000001], [22.950000000000006, 25.450000000000006]]}, "properties": {"layer": "path", "bed": "B153", "door": "D3-north", "walk_m": 13.86}}, {"type": "Feature", "geometry": {"type": "LineString", "coordinates": [[34.45000000000002, 12.550000000000002], [35.750000000000014, 12.350000000000003], [37.65000000000001, 12.350000000000003], [38.05000000000002, 11.950000000000003], [39.45000000000002, 11.950000000000003]]}, "properties": {"layer": "path", "bed": "B154", "door": "D2-east", "walk_m": 5.75}}, {"type": "Feature", "geometry": {"type": "LineString", "coordinates": [[34.45000000000002, 12.550000000000002], [35.750000000000014, 12.350000000000003], [37.65000000000001, 12.350000000000003], [38.05000000000002, 11.950000000000003], [39.45000000000002, 11.950000000000003]]}, "properties": {"layer": "path", "bed": "B155", "door": "D2-east", "walk_m": 5.75}}, {"type": "Feature", "geometry": {"type": "LineString", "coordinates": [[4.450000000000002, 18.450000000000006], [8.650000000000002, 18.550000000000004], [9.050000000000002, 18.950000000000006], [9.050000000000002, 21.150000000000006], [9.450000000000003, 21.550000000000008], [27.65000000000001, 21.550000000000008], [27.95000000000001, 21.850000000000005], [27.95000000000001, 24.150000000000006], [27.65000000000001, 24.450000000000006], [24.35000000000001, 24.550000000000008], [23.750000000000007, 25.15000000000001], [23.250000000000007, 25.15000000000001], [22.950000000000006, 25.450000000000006]]}, "properties": {"layer": "path", "bed": "B156", "door": "D3-north", "walk_m": 34.54}}, {"type": "Feature", "geometry": {"type": "LineString", "coordinates": [[5.950000000000002, 1.9500000000000004], [6.650000000000002, 1.2500000000000002], [6.650000000000002, 0.7500000000000001], [6.950000000000002, 0.45]]}, "properties": {"layer": "path", "bed": "B157", "door": "D1-south", "walk_m": 2.41}}, {"type": "Feature", "geometry": {"type": "LineString", "coordinates": [[6.950000000000002, 20.950000000000006], [7.450000000000003, 21.550000000000008], [27.65000000000001, 21.550000000000008], [27.95000000000001, 21.850000000000005], [27.95000000000001, 24.150000000000006], [27.65000000000001, 24.450000000000006], [24.35000000000001, 24.550000000000008], [23.750000000000007, 25.15000000000001], [23.250000000000007, 25.15000000000001], [22.950000000000006, 25.450000000000006]]}, "properties": {"layer": "path", "bed": "B158", "door": "D3-north", "walk_m": 29.77}}, {"type": "Feature", "geometry": {"type": "LineString", "coordinates": [[8.950000000000003, 19.950000000000006], [9.050000000000002, 21.150000000000006], [9.450000000000003, 21.550000000000008], [27.65000000000001, 21.550000000000008], [27.95000000000001, 21.850000000000005], [27.95000000000001, 24.150000000000006], [27.65000000000001, 24.450000000000006], [24.35000000000001, 24.550000000000008], [23.750000000000007, 25.15000000000001], [23.250000000000007, 25.15000000000001], [22.950000000000006, 25.450000000000006]]}, "properties": {"layer": "path", "bed": "B159", "door": "D3-north", "walk_m": 28.77}}, {"type": "Feature", "geometry": {"type": "LineString", "coordinates": [[9.050000000000002, 9.550000000000002], [2.150000000000001, 9.350000000000001], [1.5500000000000003, 8.750000000000002], [0.45, 8.750000000000002]]}, "properties": {"layer": "path", "bed": "B160", "door": "D4-west", "walk_m": 9.43}}, {"type": "Feature", "geometry": {"type": "LineString", "coordinates": [[16.450000000000006, 18.950000000000006], [18.150000000000006, 18.950000000000006], [18.650000000000006, 18.450000000000006], [28.15000000000001, 18.450000000000006], [28.550000000000008, 18.050000000000004], [28.550000000000008, 15.850000000000005], [28.95000000000001, 15.450000000000005], [38.15000000000001, 15.450000000000005], [38.45000000000002, 15.150000000000004], [38.45000000000002, 13.450000000000003], [39.15000000000001, 12.750000000000004], [39.15000000000001, 12.250000000000004], [39.45000000000002, 11.950000000000003]]}, "properties": {"layer": "path", "bed": "B161", "door": "D2-east", "walk_m": 28.98}}, {"type": "Feature", "geometry": {"type": "LineString", "coordinates": [[27.95000000000001, 22.950000000000006], [27.95000000000001, 24.150000000000006], [27.65000000000001, 24.450000000000006], [24.35000000000001, 24.550000000000008], [23.750000000000007, 25.15000000000001], [23.250000000000007, 25.15000000000001], [22.950000000000006, 25.450000000000006]]}, "properties": {"layer": "path", "bed": "B162", "door": "D3-north", "walk_m": 7.24}}, {"type": "Feature", "geometry": {"type": "LineString", "coordinates": [[31.45000000000001, 17.950000000000006], [31.55000000000001, 15.850000000000005], [31.95000000000001, 15.450000000000005], [38.15000000000001, 15.450000000000005], [38.45000000000002, 15.150000000000004], [38.45000000000002, 13.450000000000003], [39.15000000000001, 12.750000000000004], [39.15000000000001, 12.250000000000004], [39.45000000000002, 11.950000000000003]]}, "properties": {"layer": "path", "bed": "B163", "door": "D2-east", "walk_m": 13.45}}, {"type": "Feature", "geometry": {"type": "LineString", "coordinates": [[31.45000000000001, 17.950000000000006], [31.55000000000001, 15.850000000000005], [31.95000000000001, 15.450000000000005], [38.15000000000001, 15.450000000000005], [38.45000000000002, 15.150000000000004], [38.45000000000002, 13.450000000000003], [39.15000000000001, 12.750000000000004], [39.15000000000001, 12.250000000000004], [39.45000000000002, 11.950000000000003]]}, "properties": {"layer": "path", "bed": "B164", "door": "D2-east", "walk_m": 13.45}}, {"type": "Feature", "geometry": {"type": "LineString", "coordinates": [[32.05000000000001, 0.9500000000000002], [31.55000000000001, 0.45], [6.950000000000002, 0.45]]}, "properties": {"layer": "path", "bed": "B165", "door": "D1-south", "walk_m": 25.81}}, {"type": "Feature", "geometry": {"type": "LineString", "coordinates": [[33.250000000000014, 12.450000000000003], [37.65000000000001, 12.350000000000003], [38.05000000000002, 11.950000000000003], [39.45000000000002, 11.950000000000003]]}, "properties": {"layer": "path", "bed": "B166", "door": "D2-east", "walk_m": 6.91}}, {"type": "Feature", "geometry": {"type": "LineString", "coordinates": [[33.250000000000014, 15.550000000000004], [38.15000000000001, 15.450000000000005], [38.45000000000002, 15.150000000000004], [38.45000000000002, 13.450000000000003], [39.15000000000001, 12.750000000000004], [39.15000000000001, 12.250000000000004], [39.45000000000002, 11.950000000000003]]}, "properties": {"layer": "path", "bed": "B167", "door": "D2-east", "walk_m": 9.48}}, {"type": "Feature", "geometry": {"type": "LineString", "coordinates": [[36.750000000000014, 13.050000000000004], [37.250000000000014, 12.550000000000002], [37.750000000000014, 12.550000000000002], [38.350000000000016, 11.950000000000003], [39.45000000000002, 11.950000000000003]]}, "properties": {"layer": "path", "bed": "B168", "door": "D2-east", "walk_m": 3.66}}, {"type": "Feature", "geometry": {"type": "LineString", "coordinates": [[38.250000000000014, 15.550000000000004], [38.45000000000002, 15.350000000000005], [38.45000000000002, 13.450000000000003], [39.15000000000001, 12.750000000000004], [39.15000000000001, 12.250000000000004], [39.45000000000002, 11.950000000000003]]}, "properties": {"layer": "path", "bed": "B169", "door": "D2-east", "walk_m": 4.6}}, {"type": "Feature", "geometry": {"type": "Polygon", "coordinates": [[[2.35, 6.55], [2.35, 7.45], [0.1499999999999999, 7.45], [0.1499999999999999, 6.55], [2.35, 6.55]]]}, "properties": {"layer": "bed", "id": "B001", "bed_type": "cot", "size": "2.2 x 0.9 m", "resized": false, "rotated": false, "door": "D4-west", "walk_m": 1.63}}, {"type": "Feature", "geometry": {"type": "Polygon", "coordinates": [[[2.35, 10.05], [2.35, 10.95], [0.1499999999999999, 10.95], [0.1499999999999999, 10.05], [2.35, 10.05]]]}, "properties": {"layer": "bed", "id": "B002", "bed_type": "cot", "size": "2.2 x 0.9 m", "resized": false, "rotated": false, "door": "D4-west", "walk_m": 1.63}}, {"type": "Feature", "geometry": {"type": "Polygon", "coordinates": [[[6.35, 17.05], [6.35, 17.95], [4.15, 17.95], [4.15, 17.05], [6.35, 17.05]]]}, "properties": {"layer": "bed", "id": "B003", "bed_type": "cot", "size": "2.2 x 0.9 m", "resized": false, "rotated": false, "door": "D3-north", "walk_m": 33.74}}, {"type": "Feature", "geometry": {"type": "Polygon", "coordinates": [[[6.85, 10.05], [6.85, 10.95], [4.65, 10.95], [4.65, 10.05], [6.85, 10.05]]]}, "properties": {"layer": "bed", "id": "B004", "bed_type": "cot", "size": "2.2 x 0.9 m", "resized": false, "rotated": false, "door": "D4-west", "walk_m": 6.13}}, {"type": "Feature", "geometry": {"type": "Polygon", "coordinates": [[[8.85, 17.05], [8.85, 17.95], [6.65, 17.95], [6.65, 17.05], [8.85, 17.05]]]}, "properties": {"layer": "bed", "id": "B005", "bed_type": "cot", "size": "2.2 x 0.9 m", "resized": false, "rotated": false, "door": "D3-north", "walk_m": 31.24}}, {"type": "Feature", "geometry": {"type": "Polygon", "coordinates": [[[9.35, 10.05], [9.35, 10.95], [7.15, 10.95], [7.15, 10.05], [9.35, 10.05]]]}, "properties": {"layer": "bed", "id": "B006", "bed_type": "cot", "size": "2.2 x 0.9 m", "resized": false, "rotated": false, "door": "D4-west", "walk_m": 8.63}}, {"type": "Feature", "geometry": {"type": "Polygon", "coordinates": [[[9.35, 11.05], [9.35, 11.95], [7.15, 11.95], [7.15, 11.05], [9.35, 11.05]]]}, "properties": {"layer": "bed", "id": "B007", "bed_type": "cot", "size": "2.2 x 0.9 m", "resized": false, "rotated": false, "door": "D4-west", "walk_m": 8.63}}, {"type": "Feature", "geometry": {"type": "Polygon", "coordinates": [[[11.85, 20.05], [11.85, 20.95], [9.65, 20.95], [9.65, 20.05], [11.85, 20.05]]]}, "properties": {"layer": "bed", "id": "B008", "bed_type": "cot", "size": "2.2 x 0.9 m", "resized": false, "rotated": false, "door": "D3-north", "walk_m": 25.7}}, {"type": "Feature", "geometry": {"type": "Polygon", "coordinates": [[[12.85, 2.05], [12.85, 2.95], [10.65, 2.95], [10.65, 2.05], [12.85, 2.05]]]}, "properties": {"layer": "bed", "id": "B009", "bed_type": "cot", "size": "2.2 x 0.9 m", "resized": false, "rotated": false, "door": "D1-south", "walk_m": 5.34}}, {"type": "Feature", "geometry": {"type": "Polygon", "coordinates": [[[14.85, 1.05], [14.85, 1.95], [12.65, 1.95], [12.65, 1.05], [14.85, 1.05]]]}, "properties": {"layer": "bed", "id": "B010", "bed_type": "cot", "size": "2.2 x 0.9 m", "resized": false, "rotated": false, "door": "D1-south", "walk_m": 7.34}}, {"type": "Feature", "geometry": {"type": "Polygon", "coordinates": [[[15.35, 2.05], [15.35, 2.95], [13.15, 2.95], [13.15, 2.05], [15.35, 2.05]]]}, "properties": {"layer": "bed", "id": "B011", "bed_type": "cot", "size": "2.2 x 0.9 m", "resized": false, "rotated": false, "door": "D1-south", "walk_m": 7.84}}, {"type": "Feature", "geometry": {"type": "Polygon", "coordinates": [[[15.85, 11.05], [15.85, 11.95], [13.65, 11.95], [13.65, 11.05], [15.85, 11.05]]]}, "properties": {"layer": "bed", "id": "B012", "bed_type": "cot", "size": "2.2 x 0.9 m", "resized": false, "rotated": false, "door": "D4-west", "walk_m": 15.13}}, {"type": "Feature", "geometry": {"type": "Polygon", "coordinates": [[[17.35, 16.05], [17.35, 16.95], [15.15, 16.95], [15.15, 16.05], [17.35, 16.05]]]}, "properties": {"layer": "bed", "id": "B013", "bed_type": "cot", "size": "2.2 x 0.9 m", "resized": false, "rotated": false, "door": "D2-east", "walk_m": 26.48}}, {"type": "Feature", "geometry": {"type": "Polygon", "coordinates": [[[17.85, 1.05], [17.85, 1.95], [15.65, 1.95], [15.65, 1.05], [17.85, 1.05]]]}, "properties": {"layer": "bed", "id": "B014", "bed_type": "cot", "size": "2.2 x 0.9 m", "resized": false, "rotated": false, "door": "D1-south", "walk_m": 10.34}}, {"type": "Feature", "geometry": {"type": "Polygon", "coordinates": [[[17.85, 2.05], [17.85, 2.95], [15.65, 2.95], [15.65, 2.05], [17.85, 2.05]]]}, "properties": {"layer": "bed", "id": "B015", "bed_type": "cot", "size": "2.2 x 0.9 m", "resized": false, "rotated": false, "door": "D1-south", "walk_m": 10.34}}, {"type": "Feature", "geometry": {"type": "Polygon", "coordinates": [[[17.85, 10.05], [17.85, 10.95], [15.65, 10.95], [15.65, 10.05], [17.85, 10.05]]]}, "properties": {"layer": "bed", "id": "B016", "bed_type": "cot", "size": "2.2 x 0.9 m", "resized": false, "rotated": false, "door": "D4-west", "walk_m": 17.13}}, {"type": "Feature", "geometry": {"type": "Polygon", "coordinates": [[[17.85, 17.05], [17.85, 17.95], [15.65, 17.95], [15.65, 17.05], [17.85, 17.05]]]}, "properties": {"layer": "bed", "id": "B017", "bed_type": "cot", "size": "2.2 x 0.9 m", "resized": false, "rotated": false, "door": "D2-east", "walk_m": 25.98}}, {"type": "Feature", "geometry": {"type": "Polygon", "coordinates": [[[21.85, 10.55], [21.85, 11.45], [19.65, 11.45], [19.65, 10.55], [21.85, 10.55]]]}, "properties": {"layer": "bed", "id": "B018", "bed_type": "cot", "size": "2.2 x 0.9 m", "resized": false, "rotated": false, "door": "D2-east", "walk_m": 26.99}}, {"type": "Feature", "geometry": {"type": "Polygon", "coordinates": [[[21.85, 17.05], [21.85, 17.95], [19.65, 17.95], [19.65, 17.05], [21.85, 17.05]]]}, "properties": {"layer": "bed", "id": "B019", "bed_type": "cot", "size": "2.2 x 0.9 m", "resized": false, "rotated": false, "door": "D2-east", "walk_m": 21.98}}, {"type": "Feature", "geometry": {"type": "Polygon", "coordinates": [[[22.35, 14.05], [22.35, 14.95], [20.15, 14.95], [20.15, 14.05], [22.35, 14.05]]]}, "properties": {"layer": "bed", "id": "B020", "bed_type": "cot", "size": "2.2 x 0.9 m", "resized": false, "rotated": false, "door": "D2-east", "walk_m": 21.44}}, {"type": "Feature", "geometry": {"type": "Polygon", "coordinates": [[[22.35, 20.05], [22.35, 20.95], [20.15, 20.95], [20.15, 20.05], [22.35, 20.05]]]}, "properties": {"layer": "bed", "id": "B021", "bed_type": "cot", "size": "2.2 x 0.9 m", "resized": false, "rotated": false, "door": "D3-north", "walk_m": 15.2}}, {"type": "Feature", "geometry": {"type": "Polygon", "coordinates": [[[22.35, 22.05], [22.35, 22.95], [20.15, 22.95], [20.15, 22.05], [22.35, 22.05]]]}, "properties": {"layer": "bed", "id": "B022", "bed_type": "cot", "size": "2.2 x 0.9 m", "resized": false, "rotated": false, "door": "D3-north", "walk_m": 2.91}}, {"type": "Feature", "geometry": {"type": "Polygon", "coordinates": [[[22.85, 19.05], [22.85, 19.95], [20.65, 19.95], [20.65, 19.05], [22.85, 19.05]]]}, "properties": {"layer": "bed", "id": "B023", "bed_type": "cot", "size": "2.2 x 0.9 m", "resized": false, "rotated": false, "door": "D3-north", "walk_m": 14.7}}, {"type": "Feature", "geometry": {"type": "Polygon", "coordinates": [[[23.85, 16.05], [23.85, 16.95], [21.65, 16.95], [21.65, 16.05], [23.85, 16.05]]]}, "properties": {"layer": "bed", "id": "B024", "bed_type": "cot", "size": "2.2 x 0.9 m", "resized": false, "rotated": false, "door": "D2-east", "walk_m": 19.98}}, {"type": "Feature", "geometry": {"type": "Polygon", "coordinates": [[[24.35, 5.05], [24.35, 5.95], [22.15, 5.95], [22.15, 5.05], [24.35, 5.05]]]}, "properties": {"layer": "bed", "id": "B025", "bed_type": "cot", "size": "2.2 x 0.9 m", "resized": false, "rotated": false, "door": "D1-south", "walk_m": 19.59}}, {"type": "Feature", "geometry": {"type": "Polygon", "coordinates": [[[24.85, 20.05], [24.85, 20.95], [22.65, 20.95], [22.65, 20.05], [24.85, 20.05]]]}, "properties": {"layer": "bed", "id": "B026", "bed_type": "cot", "size": "2.2 x 0.9 m", "resized": false, "rotated": false, "door": "D3-north", "walk_m": 12.7}}, {"type": "Feature", "geometry": {"type": "Polygon", "coordinates": [[[25.35, 19.05], [25.35, 19.95], [23.15, 19.95], [23.15, 19.05], [25.35, 19.05]]]}, "properties": {"layer": "bed", "id": "B027", "bed_type": "cot", "size": "2.2 x 0.9 m", "resized": false, "rotated": false, "door": "D3-north", "walk_m": 12.2}}, {"type": "Feature", "geometry": {"type": "Polygon", "coordinates": [[[26.35, 4.05], [26.35, 4.95], [24.15, 4.95], [24.15, 4.05], [26.35, 4.05]]]}, "properties": {"layer": "bed", "id": "B028", "bed_type": "cot", "size": "2.2 x 0.9 m", "resized": false, "rotated": false, "door": "D1-south", "walk_m": 21.02}}, {"type": "Feature", "geometry": {"type": "Polygon", "coordinates": [[[26.85, 25.05], [26.85, 25.95], [24.65, 25.95], [24.65, 25.05], [26.85, 25.05]]]}, "properties": {"layer": "bed", "id": "B029", "bed_type": "cot", "size": "2.2 x 0.9 m", "resized": false, "rotated": false, "door": "D3-north", "walk_m": 3.67}}, {"type": "Feature", "geometry": {"type": "Polygon", "coordinates": [[[27.35, 16.05], [27.35, 16.95], [25.15, 16.95], [25.15, 16.05], [27.35, 16.05]]]}, "properties": {"layer": "bed", "id": "B030", "bed_type": "cot", "size": "2.2 x 0.9 m", "resized": false, "rotated": false, "door": "D2-east", "walk_m": 16.48}}, {"type": "Feature", "geometry": {"type": "Polygon", "coordinates": [[[29.35, 11.05], [29.35, 11.95], [27.15, 11.95], [27.15, 11.05], [29.35, 11.05]]]}, "properties": {"layer": "bed", "id": "B031", "bed_type": "cot", "size": "2.2 x 0.9 m", "resized": false, "rotated": false, "door": "D2-east", "walk_m": 11.91}}, {"type": "Feature", "geometry": {"type": "Polygon", "coordinates": [[[29.35, 13.05], [29.35, 13.95], [27.15, 13.95], [27.15, 13.05], [29.35, 13.05]]]}, "properties": {"layer": "bed", "id": "B032", "bed_type": "cot", "size": "2.2 x 0.9 m", "resized": false, "rotated": false, "door": "D2-east", "walk_m": 11.95}}, {"type": "Feature", "geometry": {"type": "Polygon", "coordinates": [[[29.35, 25.05], [29.35, 25.95], [27.15, 25.95], [27.15, 25.05], [29.35, 25.05]]]}, "properties": {"layer": "bed", "id": "B033", "bed_type": "cot", "size": "2.2 x 0.9 m", "resized": false, "rotated": false, "door": "D3-north", "walk_m": 5.97}}, {"type": "Feature", "geometry": {"type": "Polygon", "coordinates": [[[29.85, 19.05], [29.85, 19.95], [27.65, 19.95], [27.65, 19.05], [29.85, 19.05]]]}, "properties": {"layer": "bed", "id": "B034", "bed_type": "cot", "size": "2.2 x 0.9 m", "resized": false, "rotated": false, "door": "D3-north", "walk_m": 8.78}}, {"type": "Feature", "geometry": {"type": "Polygon", "coordinates": [[[30.85, 4.05], [30.85, 4.95], [28.65, 4.95], [28.65, 4.05], [30.85, 4.05]]]}, "properties": {"layer": "bed", "id": "B035", "bed_type": "cot", "size": "2.2 x 0.9 m", "resized": false, "rotated": false, "door": "D1-south", "walk_m": 25.52}}, {"type": "Feature", "geometry": {"type": "Polygon", "coordinates": [[[31.85, 11.05], [31.85, 11.95], [29.65, 11.95], [29.65, 11.05], [31.85, 11.05]]]}, "properties": {"layer": "bed", "id": "B036", "bed_type": "cot", "size": "2.2 x 0.9 m", "resized": false, "rotated": false, "door": "D2-east", "walk_m": 9.41}}, {"type": "Feature", "geometry": {"type": "Polygon", "coordinates": [[[31.85, 25.05], [31.85, 25.95], [29.65, 25.95], [29.65, 25.05], [31.85, 25.05]]]}, "properties": {"layer": "bed", "id": "B037", "bed_type": "cot", "size": "2.2 x 0.9 m", "resized": false, "rotated": false, "door": "D3-north", "walk_m": 8.95}}, {"type": "Feature", "geometry": {"type": "Polygon", "coordinates": [[[33.85, 24.05], [33.85, 24.95], [31.65, 24.95], [31.65, 24.05], [33.85, 24.05]]]}, "properties": {"layer": "bed", "id": "B038", "bed_type": "cot", "size": "2.2 x 0.9 m", "resized": false, "rotated": false, "door": "D3-north", "walk_m": 11.09}}, {"type": "Feature", "geometry": {"type": "Polygon", "coordinates": [[[35.35, 4.05], [35.35, 4.95], [33.15, 4.95], [33.15, 4.05], [35.35, 4.05]]]}, "properties": {"layer": "bed", "id": "B039", "bed_type": "cot", "size": "2.2 x 0.9 m", "resized": false, "rotated": false, "door": "D1-south", "walk_m": 30.02}}, {"type": "Feature", "geometry": {"type": "Polygon", "coordinates": [[[35.35, 20.05], [35.35, 20.95], [33.15, 20.95], [33.15, 20.05], [35.35, 20.05]]]}, "properties": {"layer": "bed", "id": "B040", "bed_type": "cot", "size": "2.2 x 0.9 m", "resized": false, "rotated": false, "door": "D3-north", "walk_m": 13.9}}, {"type": "Feature", "geometry": {"type": "Polygon", "coordinates": [[[35.85, 2.05], [35.85, 2.95], [33.65, 2.95], [33.65, 2.05], [35.85, 2.05]]]}, "properties": {"layer": "bed", "id": "B041", "bed_type": "cot", "size": "2.2 x 0.9 m", "resized": false, "rotated": false, "door": "D1-south", "walk_m": 30.48}}, {"type": "Feature", "geometry": {"type": "Polygon", "coordinates": [[[36.85, 16.05], [36.85, 16.95], [34.65, 16.95], [34.65, 16.05], [36.85, 16.05]]]}, "properties": {"layer": "bed", "id": "B042", "bed_type": "cot", "size": "2.2 x 0.9 m", "resized": false, "rotated": false, "door": "D2-east", "walk_m": 6.98}}, {"type": "Feature", "geometry": {"type": "Polygon", "coordinates": [[[36.85, 17.05], [36.85, 17.95], [34.65, 17.95], [34.65, 17.05], [36.85, 17.05]]]}, "properties": {"layer": "bed", "id": "B043", "bed_type": "cot", "size": "2.2 x 0.9 m", "resized": false, "rotated": false, "door": "D2-east", "walk_m": 6.98}}, {"type": "Feature", "geometry": {"type": "Polygon", "coordinates": [[[36.85, 19.05], [36.85, 19.95], [34.65, 19.95], [34.65, 19.05], [36.85, 19.05]]]}, "properties": {"layer": "bed", "id": "B044", "bed_type": "cot", "size": "2.2 x 0.9 m", "resized": false, "rotated": false, "door": "D2-east", "walk_m": 17.97}}, {"type": "Feature", "geometry": {"type": "Polygon", "coordinates": [[[39.35, 7.05], [39.35, 7.95], [37.15, 7.95], [37.15, 7.05], [39.35, 7.05]]]}, "properties": {"layer": "bed", "id": "B045", "bed_type": "cot", "size": "2.2 x 0.9 m", "resized": false, "rotated": false, "door": "D2-east", "walk_m": 8.11}}, {"type": "Feature", "geometry": {"type": "Polygon", "coordinates": [[[39.35, 9.05], [39.35, 9.95], [37.15, 9.95], [37.15, 9.05], [39.35, 9.05]]]}, "properties": {"layer": "bed", "id": "B046", "bed_type": "cot", "size": "2.2 x 0.9 m", "resized": false, "rotated": false, "door": "D2-east", "walk_m": 2.11}}, {"type": "Feature", "geometry": {"type": "Polygon", "coordinates": [[[0.95, 3.15], [0.95, 5.35], [0.04999999999999999, 5.35], [0.04999999999999999, 3.15], [0.95, 3.15]]]}, "properties": {"layer": "bed", "id": "B047", "bed_type": "cot", "size": "2.2 x 0.9 m", "resized": false, "rotated": true, "door": "D1-south", "walk_m": 8.55}}, {"type": "Feature", "geometry": {"type": "Polygon", "coordinates": [[[6.45, 11.65], [6.45, 13.85], [5.55, 13.85], [5.55, 11.65], [6.45, 11.65]]]}, "properties": {"layer": "bed", "id": "B048", "bed_type": "cot", "size": "2.2 x 0.9 m", "resized": false, "rotated": true, "door": "D4-west", "walk_m": 17.92}}, {"type": "Feature", "geometry": {"type": "Polygon", "coordinates": [[[13.95, 14.65], [13.95, 16.85], [13.05, 16.85], [13.05, 14.65], [13.95, 14.65]]]}, "properties": {"layer": "bed", "id": "B049", "bed_type": "cot", "size": "2.2 x 0.9 m", "resized": false, "rotated": true, "door": "D2-east", "walk_m": 28.28}}, {"type": "Feature", "geometry": {"type": "Polygon", "coordinates": [[[16.95, 5.65], [16.95, 7.85], [16.05, 7.85], [16.05, 5.65], [16.95, 5.65]]]}, "properties": {"layer": "bed", "id": "B050", "bed_type": "cot", "size": "2.2 x 0.9 m", "resized": false, "rotated": true, "door": "D4-west", "walk_m": 16.92}}, {"type": "Feature", "geometry": {"type": "Polygon", "coordinates": [[[17.45, 11.65], [17.45, 13.85], [16.55, 13.85], [16.55, 11.65], [17.45, 11.65]]]}, "properties": {"layer": "bed", "id": "B051", "bed_type": "cot", "size": "2.2 x 0.9 m", "resized": false, "rotated": true, "door": "D4-west", "walk_m": 18.96}}, {"type": "Feature", "geometry": {"type": "Polygon", "coordinates": [[[20.45, 4.15], [20.45, 6.35], [19.55, 6.35], [19.55, 4.15], [20.45, 4.15]]]}, "properties": {"layer": "bed", "id": "B052", "bed_type": "cot", "size": "2.2 x 0.9 m", "resized": false, "rotated": true, "door": "D1-south", "walk_m": 16.09}}, {"type": "Feature", "geometry": {"type": "Polygon", "coordinates": [[[21.95, 11.65], [21.95, 13.85], [21.05, 13.85], [21.05, 11.65], [21.95, 11.65]]]}, "properties": {"layer": "bed", "id": "B053", "bed_type": "cot", "size": "2.2 x 0.9 m", "resized": false, "rotated": true, "door": "D2-east", "walk_m": 26.31}}, {"type": "Feature", "geometry": {"type": "Polygon", "coordinates": [[[34.95, 22.65], [34.95, 24.85], [34.05, 24.85], [34.05, 22.65], [34.95, 22.65]]]}, "properties": {"layer": "bed", "id": "B054", "bed_type": "cot", "size": "2.2 x 0.9 m", "resized": false, "rotated": true, "door": "D3-north", "walk_m": 11.89}}, {"type": "Feature", "geometry": {"type": "Polygon", "coordinates": [[[35.45, 9.65], [35.45, 11.85], [34.55, 11.85], [34.55, 9.65], [35.45, 9.65]]]}, "properties": {"layer": "bed", "id": "B055", "bed_type": "cot", "size": "2.2 x 0.9 m", "resized": false, "rotated": true, "door": "D2-east", "walk_m": 4.58}}, {"type": "Feature", "geometry": {"type": "Polygon", "coordinates": [[[35.95, 21.15], [35.95, 23.35], [35.05, 23.35], [35.05, 21.15], [35.95, 21.15]]]}, "properties": {"layer": "bed", "id": "B056", "bed_type": "cot", "size": "2.2 x 0.9 m", "resized": false, "rotated": true, "door": "D3-north", "walk_m": 13.92}}, {"type": "Feature", "geometry": {"type": "Polygon", "coordinates": [[[36.95, 2.65], [36.95, 4.85], [36.05, 4.85], [36.05, 2.65], [36.95, 2.65]]]}, "properties": {"layer": "bed", "id": "B057", "bed_type": "cot", "size": "2.2 x 0.9 m", "resized": false, "rotated": true, "door": "D1-south", "walk_m": 31.32}}, {"type": "Feature", "geometry": {"type": "Polygon", "coordinates": [[[37.95, 17.65], [37.95, 19.85], [37.05, 19.85], [37.05, 17.65], [37.95, 17.65]]]}, "properties": {"layer": "bed", "id": "B058", "bed_type": "cot", "size": "2.2 x 0.9 m", "resized": false, "rotated": true, "door": "D2-east", "walk_m": 18.77}}, {"type": "Feature", "geometry": {"type": "Polygon", "coordinates": [[[39.95, 13.65], [39.95, 15.85], [39.05, 15.85], [39.05, 13.65], [39.95, 13.65]]]}, "properties": {"layer": "bed", "id": "B059", "bed_type": "cot", "size": "2.2 x 0.9 m", "resized": false, "rotated": true, "door": "D2-east", "walk_m": 3.67}}, {"type": "Feature", "geometry": {"type": "Polygon", "coordinates": [[[2.5, 1.05], [2.5, 1.95], [0.5, 1.95], [0.5, 1.05], [2.5, 1.05]]]}, "properties": {"layer": "bed", "id": "B060", "bed_type": "cot", "size": "2 x 0.9 m", "resized": true, "rotated": false, "door": "D1-south", "walk_m": 6.04}}, {"type": "Feature", "geometry": {"type": "Polygon", "coordinates": [[[2.5, 2.05], [2.5, 2.95], [0.5, 2.95], [0.5, 2.05], [2.5, 2.05]]]}, "properties": {"layer": "bed", "id": "B061", "bed_type": "cot", "size": "2 x 0.9 m", "resized": true, "rotated": false, "door": "D1-south", "walk_m": 6.04}}, {"type": "Feature", "geometry": {"type": "Polygon", "coordinates": [[[4.0, 4.05], [4.0, 4.95], [2.0, 4.95], [2.0, 4.05], [4.0, 4.05]]]}, "properties": {"layer": "bed", "id": "B062", "bed_type": "cot", "size": "2 x 0.9 m", "resized": true, "rotated": false, "door": "D4-west", "walk_m": 4.66}}, {"type": "Feature", "geometry": {"type": "Polygon", "coordinates": [[[4.0, 5.05], [4.0, 5.95], [2.0, 5.95], [2.0, 5.05], [4.0, 5.05]]]}, "properties": {"layer": "bed", "id": "B063", "bed_type": "cot", "size": "2 x 0.9 m", "resized": true, "rotated": false, "door": "D4-west", "walk_m": 4.66}}, {"type": "Feature", "geometry": {"type": "Polygon", "coordinates": [[[4.5, 1.05], [4.5, 1.95], [2.5, 1.95], [2.5, 1.05], [4.5, 1.05]]]}, "properties": {"layer": "bed", "id": "B064", "bed_type": "cot", "size": "2 x 0.9 m", "resized": true, "rotated": false, "door": "D1-south", "walk_m": 4.04}}, {"type": "Feature", "geometry": {"type": "Polygon", "coordinates": [[[4.5, 2.05], [4.5, 2.95], [2.5, 2.95], [2.5, 2.05], [4.5, 2.05]]]}, "properties": {"layer": "bed", "id": "B065", "bed_type": "cot", "size": "2 x 0.9 m", "resized": true, "rotated": false, "door": "D1-south", "walk_m": 4.04}}, {"type": "Feature", "geometry": {"type": "Polygon", "coordinates": [[[4.5, 10.05], [4.5, 10.95], [2.5, 10.95], [2.5, 10.05], [4.5, 10.05]]]}, "properties": {"layer": "bed", "id": "B066", "bed_type": "cot", "size": "2 x 0.9 m", "resized": true, "rotated": false, "door": "D4-west", "walk_m": 3.83}}, {"type": "Feature", "geometry": {"type": "Polygon", "coordinates": [[[5.5, 19.55], [5.5, 20.45], [3.5, 20.45], [3.5, 19.55], [5.5, 19.55]]]}, "properties": {"layer": "bed", "id": "B067", "bed_type": "cot", "size": "2 x 0.9 m", "resized": true, "rotated": false, "door": "D3-north", "walk_m": 34.76}}, {"type": "Feature", "geometry": {"type": "Polygon", "coordinates": [[[6.0, 4.05], [6.0, 4.95], [4.0, 4.95], [4.0, 4.05], [6.0, 4.05]]]}, "properties": {"layer": "bed", "id": "B068", "bed_type": "cot", "size": "2 x 0.9 m", "resized": true, "rotated": false, "door": "D4-west", "walk_m": 6.36}}, {"type": "Feature", "geometry": {"type": "Polygon", "coordinates": [[[6.0, 5.05], [6.0, 5.95], [4.0, 5.95], [4.0, 5.05], [6.0, 5.05]]]}, "properties": {"layer": "bed", "id": "B069", "bed_type": "cot", "size": "2 x 0.9 m", "resized": true, "rotated": false, "door": "D4-west", "walk_m": 6.36}}, {"type": "Feature", "geometry": {"type": "Polygon", "coordinates": [[[6.0, 7.05], [6.0, 7.95], [4.0, 7.95], [4.0, 7.05], [6.0, 7.05]]]}, "properties": {"layer": "bed", "id": "B070", "bed_type": "cot", "size": "2 x 0.9 m", "resized": true, "rotated": false, "door": "D4-west", "walk_m": 5.29}}, {"type": "Feature", "geometry": {"type": "Polygon", "coordinates": [[[6.0, 8.05], [6.0, 8.95], [4.0, 8.95], [4.0, 8.05], [6.0, 8.05]]]}, "properties": {"layer": "bed", "id": "B071", "bed_type": "cot", "size": "2 x 0.9 m", "resized": true, "rotated": false, "door": "D4-west", "walk_m": 5.29}}, {"type": "Feature", "geometry": {"type": "Polygon", "coordinates": [[[7.5, 19.05], [7.5, 19.95], [5.5, 19.95], [5.5, 19.05], [7.5, 19.05]]]}, "properties": {"layer": "bed", "id": "B072", "bed_type": "cot", "size": "2 x 0.9 m", "resized": true, "rotated": false, "door": "D3-north", "walk_m": 29.77}}, {"type": "Feature", "geometry": {"type": "Polygon", "coordinates": [[[8.0, 4.05], [8.0, 4.95], [6.0, 4.95], [6.0, 4.05], [8.0, 4.05]]]}, "properties": {"layer": "bed", "id": "B073", "bed_type": "cot", "size": "2 x 0.9 m", "resized": true, "rotated": false, "door": "D4-west", "walk_m": 8.36}}, {"type": "Feature", "geometry": {"type": "Polygon", "coordinates": [[[8.0, 5.05], [8.0, 5.95], [6.0, 5.95], [6.0, 5.05], [8.0, 5.05]]]}, "properties": {"layer": "bed", "id": "B074", "bed_type": "cot", "size": "2 x 0.9 m", "resized": true, "rotated": false, "door": "D1-south", "walk_m": 3.6}}, {"type": "Feature", "geometry": {"type": "Polygon", "coordinates": [[[8.0, 7.05], [8.0, 7.95], [6.0, 7.95], [6.0, 7.05], [8.0, 7.05]]]}, "properties": {"layer": "bed", "id": "B075", "bed_type": "cot", "size": "2 x 0.9 m", "resized": true, "rotated": false, "door": "D4-west", "walk_m": 7.29}}, {"type": "Feature", "geometry": {"type": "Polygon", "coordinates": [[[8.0, 8.05], [8.0, 8.95], [6.0, 8.95], [6.0, 8.05], [8.0, 8.05]]]}, "properties": {"layer": "bed", "id": "B076", "bed_type": "cot", "size": "2 x 0.9 m", "resized": true, "rotated": false, "door": "D4-west", "walk_m": 7.29}}, {"type": "Feature", "geometry": {"type": "Polygon", "coordinates": [[[8.5, 13.05], [8.5, 13.95], [6.5, 13.95], [6.5, 13.05], [8.5, 13.05]]]}, "properties": {"layer": "bed", "id": "B077", "bed_type": "cot", "size": "2 x 0.9 m", "resized": true, "rotated": false, "door": "D4-west", "walk_m": 17.42}}, {"type": "Feature", "geometry": {"type": "Polygon", "coordinates": [[[10.0, 4.05], [10.0, 4.95], [8.0, 4.95], [8.0, 4.05], [10.0, 4.05]]]}, "properties": {"layer": "bed", "id": "B078", "bed_type": "cot", "size": "2 x 0.9 m", "resized": true, "rotated": false, "door": "D1-south", "walk_m": 4.72}}, {"type": "Feature", "geometry": {"type": "Polygon", "coordinates": [[[10.0, 5.05], [10.0, 5.95], [8.0, 5.95], [8.0, 5.05], [10.0, 5.05]]]}, "properties": {"layer": "bed", "id": "B079", "bed_type": "cot", "size": "2 x 0.9 m", "resized": true, "rotated": false, "door": "D1-south", "walk_m": 4.72}}, {"type": "Feature", "geometry": {"type": "Polygon", "coordinates": [[[10.0, 7.05], [10.0, 7.95], [8.0, 7.95], [8.0, 7.05], [10.0, 7.05]]]}, "properties": {"layer": "bed", "id": "B080", "bed_type": "cot", "size": "2 x 0.9 m", "resized": true, "rotated": false, "door": "D4-west", "walk_m": 9.29}}, {"type": "Feature", "geometry": {"type": "Polygon", "coordinates": [[[10.0, 8.05], [10.0, 8.95], [8.0, 8.95], [8.0, 8.05], [10.0, 8.05]]]}, "properties": {"layer": "bed", "id": "B081", "bed_type": "cot", "size": "2 x 0.9 m", "resized": true, "rotated": false, "door": "D4-west", "walk_m": 9.29}}, {"type": "Feature", "geometry": {"type": "Polygon", "coordinates": [[[10.5, 1.05], [10.5, 1.95], [8.5, 1.95], [8.5, 1.05], [10.5, 1.05]]]}, "properties": {"layer": "bed", "id": "B082", "bed_type": "cot", "size": "2 x 0.9 m", "resized": true, "rotated": false, "door": "D1-south", "walk_m": 3.04}}, {"type": "Feature", "geometry": {"type": "Polygon", "coordinates": [[[10.5, 2.05], [10.5, 2.95], [8.5, 2.95], [8.5, 2.05], [10.5, 2.05]]]}, "properties": {"layer": "bed", "id": "B083", "bed_type": "cot", "size": "2 x 0.9 m", "resized": true, "rotated": false, "door": "D1-south", "walk_m": 3.04}}, {"type": "Feature", "geometry": {"type": "Polygon", "coordinates": [[[10.5, 13.05], [10.5, 13.95], [8.5, 13.95], [8.5, 13.05], [10.5, 13.05]]]}, "properties": {"layer": "bed", "id": "B084", "bed_type": "cot", "size": "2 x 0.9 m", "resized": true, "rotated": false, "door": "D4-west", "walk_m": 15.42}}, {"type": "Feature", "geometry": {"type": "Polygon", "coordinates": [[[12.0, 4.05], [12.0, 4.95], [10.0, 4.95], [10.0, 4.05], [12.0, 4.05]]]}, "properties": {"layer": "bed", "id": "B085", "bed_type": "cot", "size": "2 x 0.9 m", "resized": true, "rotated": false, "door": "D1-south", "walk_m": 6.72}}, {"type": "Feature", "geometry": {"type": "Polygon", "coordinates": [[[12.0, 5.05], [12.0, 5.95], [10.0, 5.95], [10.0, 5.05], [12.0, 5.05]]]}, "properties": {"layer": "bed", "id": "B086", "bed_type": "cot", "size": "2 x 0.9 m", "resized": true, "rotated": false, "door": "D1-south", "walk_m": 6.72}}, {"type": "Feature", "geometry": {"type": "Polygon", "coordinates": [[[12.0, 7.05], [12.0, 7.95], [10.0, 7.95], [10.0, 7.05], [12.0, 7.05]]]}, "properties": {"layer": "bed", "id": "B087", "bed_type": "cot", "size": "2 x 0.9 m", "resized": true, "rotated": false, "door": "D4-west", "walk_m": 11.29}}, {"type": "Feature", "geometry": {"type": "Polygon", "coordinates": [[[12.0, 8.05], [12.0, 8.95], [10.0, 8.95], [10.0, 8.05], [12.0, 8.05]]]}, "properties": {"layer": "bed", "id": "B088", "bed_type": "cot", "size": "2 x 0.9 m", "resized": true, "rotated": false, "door": "D4-west", "walk_m": 11.29}}, {"type": "Feature", "geometry": {"type": "Polygon", "coordinates": [[[12.5, 1.05], [12.5, 1.95], [10.5, 1.95], [10.5, 1.05], [12.5, 1.05]]]}, "properties": {"layer": "bed", "id": "B089", "bed_type": "cot", "size": "2 x 0.9 m", "resized": true, "rotated": false, "door": "D1-south", "walk_m": 5.04}}, {"type": "Feature", "geometry": {"type": "Polygon", "coordinates": [[[12.5, 13.05], [12.5, 13.95], [10.5, 13.95], [10.5, 13.05], [12.5, 13.05]]]}, "properties": {"layer": "bed", "id": "B090", "bed_type": "cot", "size": "2 x 0.9 m", "resized": true, "rotated": false, "door": "D4-west", "walk_m": 14.36}}, {"type": "Feature", "geometry": {"type": "Polygon", "coordinates": [[[13.5, 10.05], [13.5, 10.95], [11.5, 10.95], [11.5, 10.05], [13.5, 10.05]]]}, "properties": {"layer": "bed", "id": "B091", "bed_type": "cot", "size": "2 x 0.9 m", "resized": true, "rotated": false, "door": "D4-west", "walk_m": 12.83}}, {"type": "Feature", "geometry": {"type": "Polygon", "coordinates": [[[13.5, 11.05], [13.5, 11.95], [11.5, 11.95], [11.5, 11.05], [13.5, 11.05]]]}, "properties": {"layer": "bed", "id": "B092", "bed_type": "cot", "size": "2 x 0.9 m", "resized": true, "rotated": false, "door": "D4-west", "walk_m": 12.83}}, {"type": "Feature", "geometry": {"type": "Polygon", "coordinates": [[[14.0, 4.05], [14.0, 4.95], [12.0, 4.95], [12.0, 4.05], [14.0, 4.05]]]}, "properties": {"layer": "bed", "id": "B093", "bed_type": "cot", "size": "2 x 0.9 m", "resized": true, "rotated": false, "door": "D1-south", "walk_m": 8.72}}, {"type": "Feature", "geometry": {"type": "Polygon", "coordinates": [[[14.0, 5.05], [14.0, 5.95], [12.0, 5.95], [12.0, 5.05], [14.0, 5.05]]]}, "properties": {"layer": "bed", "id": "B094", "bed_type": "cot", "size": "2 x 0.9 m", "resized": true, "rotated": false, "door": "D1-south", "walk_m": 8.72}}, {"type": "Feature", "geometry": {"type": "Polygon", "coordinates": [[[14.0, 7.05], [14.0, 7.95], [12.0, 7.95], [12.0, 7.05], [14.0, 7.05]]]}, "properties": {"layer": "bed", "id": "B095", "bed_type": "cot", "size": "2 x 0.9 m", "resized": true, "rotated": false, "door": "D4-west", "walk_m": 13.29}}, {"type": "Feature", "geometry": {"type": "Polygon", "coordinates": [[[14.0, 8.05], [14.0, 8.95], [12.0, 8.95], [12.0, 8.05], [14.0, 8.05]]]}, "properties": {"layer": "bed", "id": "B096", "bed_type": "cot", "size": "2 x 0.9 m", "resized": true, "rotated": false, "door": "D4-west", "walk_m": 13.29}}, {"type": "Feature", "geometry": {"type": "Polygon", "coordinates": [[[14.0, 20.05], [14.0, 20.95], [12.0, 20.95], [12.0, 20.05], [14.0, 20.05]]]}, "properties": {"layer": "bed", "id": "B097", "bed_type": "cot", "size": "2 x 0.9 m", "resized": true, "rotated": false, "door": "D3-north", "walk_m": 23.5}}, {"type": "Feature", "geometry": {"type": "Polygon", "coordinates": [[[14.5, 13.05], [14.5, 13.95], [12.5, 13.95], [12.5, 13.05], [14.5, 13.05]]]}, "properties": {"layer": "bed", "id": "B098", "bed_type": "cot", "size": "2 x 0.9 m", "resized": true, "rotated": false, "door": "D4-west", "walk_m": 16.36}}, {"type": "Feature", "geometry": {"type": "Polygon", "coordinates": [[[15.5, 10.05], [15.5, 10.95], [13.5, 10.95], [13.5, 10.05], [15.5, 10.05]]]}, "properties": {"layer": "bed", "id": "B099", "bed_type": "cot", "size": "2 x 0.9 m", "resized": true, "rotated": false, "door": "D4-west", "walk_m": 14.83}}, {"type": "Feature", "geometry": {"type": "Polygon", "coordinates": [[[16.0, 4.05], [16.0, 4.95], [14.0, 4.95], [14.0, 4.05], [16.0, 4.05]]]}, "properties": {"layer": "bed", "id": "B100", "bed_type": "cot", "size": "2 x 0.9 m", "resized": true, "rotated": false, "door": "D1-south", "walk_m": 10.72}}, {"type": "Feature", "geometry": {"type": "Polygon", "coordinates": [[[16.0, 5.05], [16.0, 5.95], [14.0, 5.95], [14.0, 5.05], [16.0, 5.05]]]}, "properties": {"layer": "bed", "id": "B101", "bed_type": "cot", "size": "2 x 0.9 m", "resized": true, "rotated": false, "door": "D1-south", "walk_m": 10.72}}, {"type": "Feature", "geometry": {"type": "Polygon", "coordinates": [[[16.0, 7.05], [16.0, 7.95], [14.0, 7.95], [14.0, 7.05], [16.0, 7.05]]]}, "properties": {"layer": "bed", "id": "B102", "bed_type": "cot", "size": "2 x 0.9 m", "resized": true, "rotated": false, "door": "D4-west", "walk_m": 15.29}}, {"type": "Feature", "geometry": {"type": "Polygon", "coordinates": [[[16.0, 8.05], [16.0, 8.95], [14.0, 8.95], [14.0, 8.05], [16.0, 8.05]]]}, "properties": {"layer": "bed", "id": "B103", "bed_type": "cot", "size": "2 x 0.9 m", "resized": true, "rotated": false, "door": "D4-west", "walk_m": 15.29}}, {"type": "Feature", "geometry": {"type": "Polygon", "coordinates": [[[16.0, 14.05], [16.0, 14.95], [14.0, 14.95], [14.0, 14.05], [16.0, 14.05]]]}, "properties": {"layer": "bed", "id": "B104", "bed_type": "cot", "size": "2 x 0.9 m", "resized": true, "rotated": false, "door": "D4-west", "walk_m": 17.86}}, {"type": "Feature", "geometry": {"type": "Polygon", "coordinates": [[[16.0, 20.05], [16.0, 20.95], [14.0, 20.95], [14.0, 20.05], [16.0, 20.05]]]}, "properties": {"layer": "bed", "id": "B105", "bed_type": "cot", "size": "2 x 0.9 m", "resized": true, "rotated": false, "door": "D2-east", "walk_m": 29.02}}, {"type": "Feature", "geometry": {"type": "Polygon", "coordinates": [[[16.0, 22.05], [16.0, 22.95], [14.0, 22.95], [14.0, 22.05], [16.0, 22.05]]]}, "properties": {"layer": "bed", "id": "B106", "bed_type": "cot", "size": "2 x 0.9 m", "resized": true, "rotated": false, "door": "D3-north", "walk_m": 8.91}}, {"type": "Feature", "geometry": {"type": "Polygon", "coordinates": [[[16.0, 23.05], [16.0, 23.95], [14.0, 23.95], [14.0, 23.05], [16.0, 23.05]]]}, "properties": {"layer": "bed", "id": "B107", "bed_type": "cot", "size": "2 x 0.9 m", "resized": true, "rotated": false, "door": "D3-north", "walk_m": 8.91}}, {"type": "Feature", "geometry": {"type": "Polygon", "coordinates": [[[16.0, 25.05], [16.0, 25.95], [14.0, 25.95], [14.0, 25.05], [16.0, 25.05]]]}, "properties": {"layer": "bed", "id": "B108", "bed_type": "cot", "size": "2 x 0.9 m", "resized": true, "rotated": false, "door": "D3-north", "walk_m": 8.87}}, {"type": "Feature", "geometry": {"type": "Polygon", "coordinates": [[[16.5, 13.05], [16.5, 13.95], [14.5, 13.95], [14.5, 13.05], [16.5, 13.05]]]}, "properties": {"layer": "bed", "id": "B109", "bed_type": "cot", "size": "2 x 0.9 m", "resized": true, "rotated": false, "door": "D2-east", "walk_m": 27.24}}, {"type": "Feature", "geometry": {"type": "Polygon", "coordinates": [[[18.0, 4.05], [18.0, 4.95], [16.0, 4.95], [16.0, 4.05], [18.0, 4.05]]]}, "properties": {"layer": "bed", "id": "B110", "bed_type": "cot", "size": "2 x 0.9 m", "resized": true, "rotated": false, "door": "D1-south", "walk_m": 12.72}}, {"type": "Feature", "geometry": {"type": "Polygon", "coordinates": [[[18.0, 8.05], [18.0, 8.95], [16.0, 8.95], [16.0, 8.05], [18.0, 8.05]]]}, "properties": {"layer": "bed", "id": "B111", "bed_type": "cot", "size": "2 x 0.9 m", "resized": true, "rotated": false, "door": "D4-west", "walk_m": 16.92}}, {"type": "Feature", "geometry": {"type": "Polygon", "coordinates": [[[18.0, 14.05], [18.0, 14.95], [16.0, 14.95], [16.0, 14.05], [18.0, 14.05]]]}, "properties": {"layer": "bed", "id": "B112", "bed_type": "cot", "size": "2 x 0.9 m", "resized": true, "rotated": false, "door": "D2-east", "walk_m": 25.74}}, {"type": "Feature", "geometry": {"type": "Polygon", "coordinates": [[[18.0, 20.05], [18.0, 20.95], [16.0, 20.95], [16.0, 20.05], [18.0, 20.05]]]}, "properties": {"layer": "bed", "id": "B113", "bed_type": "cot", "size": "2 x 0.9 m", "resized": true, "rotated": false, "door": "D2-east", "walk_m": 28.52}}, {"type": "Feature", "geometry": {"type": "Polygon", "coordinates": [[[18.0, 22.05], [18.0, 22.95], [16.0, 22.95], [16.0, 22.05], [18.0, 22.05]]]}, "properties": {"layer": "bed", "id": "B114", "bed_type": "cot", "size": "2 x 0.9 m", "resized": true, "rotated": false, "door": "D3-north", "walk_m": 6.91}}, {"type": "Feature", "geometry": {"type": "Polygon", "coordinates": [[[18.0, 23.05], [18.0, 23.95], [16.0, 23.95], [16.0, 23.05], [18.0, 23.05]]]}, "properties": {"layer": "bed", "id": "B115", "bed_type": "cot", "size": "2 x 0.9 m", "resized": true, "rotated": false, "door": "D3-north", "walk_m": 6.91}}, {"type": "Feature", "geometry": {"type": "Polygon", "coordinates": [[[18.0, 25.05], [18.0, 25.95], [16.0, 25.95], [16.0, 25.05], [18.0, 25.05]]]}, "properties": {"layer": "bed", "id": "B116", "bed_type": "cot", "size": "2 x 0.9 m", "resized": true, "rotated": false, "door": "D3-north", "walk_m": 6.87}}, {"type": "Feature", "geometry": {"type": "Polygon", "coordinates": [[[21.5, 1.05], [21.5, 1.95], [19.5, 1.95], [19.5, 1.05], [21.5, 1.05]]]}, "properties": {"layer": "bed", "id": "B117", "bed_type": "cot", "size": "2 x 0.9 m", "resized": true, "rotated": false, "door": "D1-south", "walk_m": 14.04}}, {"type": "Feature", "geometry": {"type": "Polygon", "coordinates": [[[21.5, 2.05], [21.5, 2.95], [19.5, 2.95], [19.5, 2.05], [21.5, 2.05]]]}, "properties": {"layer": "bed", "id": "B118", "bed_type": "cot", "size": "2 x 0.9 m", "resized": true, "rotated": false, "door": "D1-south", "walk_m": 14.04}}, {"type": "Feature", "geometry": {"type": "Polygon", "coordinates": [[[21.5, 16.05], [21.5, 16.95], [19.5, 16.95], [19.5, 16.05], [21.5, 16.05]]]}, "properties": {"layer": "bed", "id": "B119", "bed_type": "cot", "size": "2 x 0.9 m", "resized": true, "rotated": false, "door": "D2-east", "walk_m": 22.28}}, {"type": "Feature", "geometry": {"type": "Polygon", "coordinates": [[[21.5, 23.05], [21.5, 23.95], [19.5, 23.95], [19.5, 23.05], [21.5, 23.05]]]}, "properties": {"layer": "bed", "id": "B120", "bed_type": "cot", "size": "2 x 0.9 m", "resized": true, "rotated": false, "door": "D3-north", "walk_m": 3.41}}, {"type": "Feature", "geometry": {"type": "Polygon", "coordinates": [[[21.5, 25.05], [21.5, 25.95], [19.5, 25.95], [19.5, 25.05], [21.5, 25.05]]]}, "properties": {"layer": "bed", "id": "B121", "bed_type": "cot", "size": "2 x 0.9 m", "resized": true, "rotated": false, "door": "D3-north", "walk_m": 1.54}}, {"type": "Feature", "geometry": {"type": "Polygon", "coordinates": [[[22.5, 4.05], [22.5, 4.95], [20.5, 4.95], [20.5, 4.05], [22.5, 4.05]]]}, "properties": {"layer": "bed", "id": "B122", "bed_type": "cot", "size": "2 x 0.9 m", "resized": true, "rotated": false, "door": "D1-south", "walk_m": 17.22}}, {"type": "Feature", "geometry": {"type": "Polygon", "coordinates": [[[23.5, 1.05], [23.5, 1.95], [21.5, 1.95], [21.5, 1.05], [23.5, 1.05]]]}, "properties": {"layer": "bed", "id": "B123", "bed_type": "cot", "size": "2 x 0.9 m", "resized": true, "rotated": false, "door": "D1-south", "walk_m": 16.04}}, {"type": "Feature", "geometry": {"type": "Polygon", "coordinates": [[[23.5, 2.05], [23.5, 2.95], [21.5, 2.95], [21.5, 2.05], [23.5, 2.05]]]}, "properties": {"layer": "bed", "id": "B124", "bed_type": "cot", "size": "2 x 0.9 m", "resized": true, "rotated": false, "door": "D1-south", "walk_m": 16.04}}, {"type": "Feature", "geometry": {"type": "Polygon", "coordinates": [[[24.0, 17.05], [24.0, 17.95], [22.0, 17.95], [22.0, 17.05], [24.0, 17.05]]]}, "properties": {"layer": "bed", "id": "B125", "bed_type": "cot", "size": "2 x 0.9 m", "resized": true, "rotated": false, "door": "D2-east", "walk_m": 19.78}}, {"type": "Feature", "geometry": {"type": "Polygon", "coordinates": [[[24.5, 22.05], [24.5, 22.95], [22.5, 22.95], [22.5, 22.05], [24.5, 22.05]]]}, "properties": {"layer": "bed", "id": "B126", "bed_type": "cot", "size": "2 x 0.9 m", "resized": true, "rotated": false, "door": "D3-north", "walk_m": 2.71}}, {"type": "Feature", "geometry": {"type": "Polygon", "coordinates": [[[25.5, 1.05], [25.5, 1.95], [23.5, 1.95], [23.5, 1.05], [25.5, 1.05]]]}, "properties": {"layer": "bed", "id": "B127", "bed_type": "cot", "size": "2 x 0.9 m", "resized": true, "rotated": false, "door": "D1-south", "walk_m": 18.04}}, {"type": "Feature", "geometry": {"type": "Polygon", "coordinates": [[[25.5, 2.05], [25.5, 2.95], [23.5, 2.95], [23.5, 2.05], [25.5, 2.05]]]}, "properties": {"layer": "bed", "id": "B128", "bed_type": "cot", "size": "2 x 0.9 m", "resized": true, "rotated": false, "door": "D1-south", "walk_m": 18.04}}, {"type": "Feature", "geometry": {"type": "Polygon", "coordinates": [[[26.0, 17.05], [26.0, 17.95], [24.0, 17.95], [24.0, 17.05], [26.0, 17.05]]]}, "properties": {"layer": "bed", "id": "B129", "bed_type": "cot", "size": "2 x 0.9 m", "resized": true, "rotated": false, "door": "D2-east", "walk_m": 17.78}}, {"type": "Feature", "geometry": {"type": "Polygon", "coordinates": [[[26.5, 22.05], [26.5, 22.95], [24.5, 22.95], [24.5, 22.05], [26.5, 22.05]]]}, "properties": {"layer": "bed", "id": "B130", "bed_type": "cot", "size": "2 x 0.9 m", "resized": true, "rotated": false, "door": "D3-north", "walk_m": 3.41}}, {"type": "Feature", "geometry": {"type": "Polygon", "coordinates": [[[26.5, 23.05], [26.5, 23.95], [24.5, 23.95], [24.5, 23.05], [26.5, 23.05]]]}, "properties": {"layer": "bed", "id": "B131", "bed_type": "cot", "size": "2 x 0.9 m", "resized": true, "rotated": false, "door": "D3-north", "walk_m": 3.41}}, {"type": "Feature", "geometry": {"type": "Polygon", "coordinates": [[[27.0, 20.05], [27.0, 20.95], [25.0, 20.95], [25.0, 20.05], [27.0, 20.05]]]}, "properties": {"layer": "bed", "id": "B132", "bed_type": "cot", "size": "2 x 0.9 m", "resized": true, "rotated": false, "door": "D2-east", "walk_m": 19.31}}, {"type": "Feature", "geometry": {"type": "Polygon", "coordinates": [[[27.5, 1.05], [27.5, 1.95], [25.5, 1.95], [25.5, 1.05], [27.5, 1.05]]]}, "properties": {"layer": "bed", "id": "B133", "bed_type": "cot", "size": "2 x 0.9 m", "resized": true, "rotated": false, "door": "D1-south", "walk_m": 20.04}}, {"type": "Feature", "geometry": {"type": "Polygon", "coordinates": [[[27.5, 2.05], [27.5, 2.95], [25.5, 2.95], [25.5, 2.05], [27.5, 2.05]]]}, "properties": {"layer": "bed", "id": "B134", "bed_type": "cot", "size": "2 x 0.9 m", "resized": true, "rotated": false, "door": "D1-south", "walk_m": 20.04}}, {"type": "Feature", "geometry": {"type": "Polygon", "coordinates": [[[27.5, 14.05], [27.5, 14.95], [25.5, 14.95], [25.5, 14.05], [27.5, 14.05]]]}, "properties": {"layer": "bed", "id": "B135", "bed_type": "cot", "size": "2 x 0.9 m", "resized": true, "rotated": false, "door": "D2-east", "walk_m": 12.25}}, {"type": "Feature", "geometry": {"type": "Polygon", "coordinates": [[[27.5, 19.05], [27.5, 19.95], [25.5, 19.95], [25.5, 19.05], [27.5, 19.05]]]}, "properties": {"layer": "bed", "id": "B136", "bed_type": "cot", "size": "2 x 0.9 m", "resized": true, "rotated": false, "door": "D2-east", "walk_m": 18.81}}, {"type": "Feature", "geometry": {"type": "Polygon", "coordinates": [[[28.0, 17.05], [28.0, 17.95], [26.0, 17.95], [26.0, 17.05], [28.0, 17.05]]]}, "properties": {"layer": "bed", "id": "B137", "bed_type": "cot", "size": "2 x 0.9 m", "resized": true, "rotated": false, "door": "D2-east", "walk_m": 15.78}}, {"type": "Feature", "geometry": {"type": "Polygon", "coordinates": [[[28.5, 4.05], [28.5, 4.95], [26.5, 4.95], [26.5, 4.05], [28.5, 4.05]]]}, "properties": {"layer": "bed", "id": "B138", "bed_type": "cot", "size": "2 x 0.9 m", "resized": true, "rotated": false, "door": "D1-south", "walk_m": 23.22}}, {"type": "Feature", "geometry": {"type": "Polygon", "coordinates": [[[29.0, 20.05], [29.0, 20.95], [27.0, 20.95], [27.0, 20.05], [29.0, 20.05]]]}, "properties": {"layer": "bed", "id": "B139", "bed_type": "cot", "size": "2 x 0.9 m", "resized": true, "rotated": false, "door": "D2-east", "walk_m": 17.31}}, {"type": "Feature", "geometry": {"type": "Polygon", "coordinates": [[[29.5, 1.05], [29.5, 1.95], [27.5, 1.95], [27.5, 1.05], [29.5, 1.05]]]}, "properties": {"layer": "bed", "id": "B140", "bed_type": "cot", "size": "2 x 0.9 m", "resized": true, "rotated": false, "door": "D1-south", "walk_m": 22.04}}, {"type": "Feature", "geometry": {"type": "Polygon", "coordinates": [[[29.5, 2.05], [29.5, 2.95], [27.5, 2.95], [27.5, 2.05], [29.5, 2.05]]]}, "properties": {"layer": "bed", "id": "B141", "bed_type": "cot", "size": "2 x 0.9 m", "resized": true, "rotated": false, "door": "D1-south", "walk_m": 22.04}}, {"type": "Feature", "geometry": {"type": "Polygon", "coordinates": [[[29.5, 14.05], [29.5, 14.95], [27.5, 14.95], [27.5, 14.05], [29.5, 14.05]]]}, "properties": {"layer": "bed", "id": "B142", "bed_type": "cot", "size": "2 x 0.9 m", "resized": true, "rotated": false, "door": "D2-east", "walk_m": 11.75}}, {"type": "Feature", "geometry": {"type": "Polygon", "coordinates": [[[31.0, 16.05], [31.0, 16.95], [29.0, 16.95], [29.0, 16.05], [31.0, 16.05]]]}, "properties": {"layer": "bed", "id": "B143", "bed_type": "cot", "size": "2 x 0.9 m", "resized": true, "rotated": false, "door": "D2-east", "walk_m": 12.78}}, {"type": "Feature", "geometry": {"type": "Polygon", "coordinates": [[[31.5, 1.05], [31.5, 1.95], [29.5, 1.95], [29.5, 1.05], [31.5, 1.05]]]}, "properties": {"layer": "bed", "id": "B144", "bed_type": "cot", "size": "2 x 0.9 m", "resized": true, "rotated": false, "door": "D1-south", "walk_m": 24.04}}, {"type": "Feature", "geometry": {"type": "Polygon", "coordinates": [[[31.5, 2.05], [31.5, 2.95], [29.5, 2.95], [29.5, 2.05], [31.5, 2.05]]]}, "properties": {"layer": "bed", "id": "B145", "bed_type": "cot", "size": "2 x 0.9 m", "resized": true, "rotated": false, "door": "D1-south", "walk_m": 24.04}}, {"type": "Feature", "geometry": {"type": "Polygon", "coordinates": [[[31.5, 13.05], [31.5, 13.95], [29.5, 13.95], [29.5, 13.05], [31.5, 13.05]]]}, "properties": {"layer": "bed", "id": "B146", "bed_type": "cot", "size": "2 x 0.9 m", "resized": true, "rotated": false, "door": "D2-east", "walk_m": 9.75}}, {"type": "Feature", "geometry": {"type": "Polygon", "coordinates": [[[31.5, 14.05], [31.5, 14.95], [29.5, 14.95], [29.5, 14.05], [31.5, 14.05]]]}, "properties": {"layer": "bed", "id": "B147", "bed_type": "cot", "size": "2 x 0.9 m", "resized": true, "rotated": false, "door": "D2-east", "walk_m": 9.75}}, {"type": "Feature", "geometry": {"type": "Polygon", "coordinates": [[[32.5, 19.05], [32.5, 19.95], [30.5, 19.95], [30.5, 19.05], [32.5, 19.05]]]}, "properties": {"layer": "bed", "id": "B148", "bed_type": "cot", "size": "2 x 0.9 m", "resized": true, "rotated": false, "door": "D2-east", "walk_m": 14.05}}, {"type": "Feature", "geometry": {"type": "Polygon", "coordinates": [[[33.0, 4.05], [33.0, 4.95], [31.0, 4.95], [31.0, 4.05], [33.0, 4.05]]]}, "properties": {"layer": "bed", "id": "B149", "bed_type": "cot", "size": "2 x 0.9 m", "resized": true, "rotated": false, "door": "D1-south", "walk_m": 27.72}}, {"type": "Feature", "geometry": {"type": "Polygon", "coordinates": [[[33.5, 2.05], [33.5, 2.95], [31.5, 2.95], [31.5, 2.05], [33.5, 2.05]]]}, "properties": {"layer": "bed", "id": "B150", "bed_type": "cot", "size": "2 x 0.9 m", "resized": true, "rotated": false, "door": "D1-south", "walk_m": 25.91}}, {"type": "Feature", "geometry": {"type": "Polygon", "coordinates": [[[33.5, 13.05], [33.5, 13.95], [31.5, 13.95], [31.5, 13.05], [33.5, 13.05]]]}, "properties": {"layer": "bed", "id": "B151", "bed_type": "cot", "size": "2 x 0.9 m", "resized": true, "rotated": false, "door": "D2-east", "walk_m": 7.75}}, {"type": "Feature", "geometry": {"type": "Polygon", "coordinates": [[[33.5, 14.05], [33.5, 14.95], [31.5, 14.95], [31.5, 14.05], [33.5, 14.05]]]}, "properties": {"layer": "bed", "id": "B152", "bed_type": "cot", "size": "2 x 0.9 m", "resized": true, "rotated": false, "door": "D2-east", "walk_m": 7.75}}, {"type": "Feature", "geometry": {"type": "Polygon", "coordinates": [[[34.5, 19.05], [34.5, 19.95], [32.5, 19.95], [32.5, 19.05], [34.5, 19.05]]]}, "properties": {"layer": "bed", "id": "B153", "bed_type": "cot", "size": "2 x 0.9 m", "resized": true, "rotated": false, "door": "D3-north", "walk_m": 13.86}}, {"type": "Feature", "geometry": {"type": "Polygon", "coordinates": [[[35.5, 13.05], [35.5, 13.95], [33.5, 13.95], [33.5, 13.05], [35.5, 13.05]]]}, "properties": {"layer": "bed", "id": "B154", "bed_type": "cot", "size": "2 x 0.9 m", "resized": true, "rotated": false, "door": "D2-east", "walk_m": 5.75}}, {"type": "Feature", "geometry": {"type": "Polygon", "coordinates": [[[35.5, 14.05], [35.5, 14.95], [33.5, 14.95], [33.5, 14.05], [35.5, 14.05]]]}, "properties": {"layer": "bed", "id": "B155", "bed_type": "cot", "size": "2 x 0.9 m", "resized": true, "rotated": false, "door": "D2-east", "walk_m": 5.75}}, {"type": "Feature", "geometry": {"type": "Polygon", "coordinates": [[[3.95, 17.5], [3.95, 19.5], [3.05, 19.5], [3.05, 17.5], [3.95, 17.5]]]}, "properties": {"layer": "bed", "id": "B156", "bed_type": "cot", "size": "2 x 0.9 m", "resized": true, "rotated": true, "door": "D3-north", "walk_m": 34.54}}, {"type": "Feature", "geometry": {"type": "Polygon", "coordinates": [[[5.45, 1.0], [5.45, 3.0], [4.55, 3.0], [4.55, 1.0], [5.45, 1.0]]]}, "properties": {"layer": "bed", "id": "B157", "bed_type": "cot", "size": "2 x 0.9 m", "resized": true, "rotated": true, "door": "D1-south", "walk_m": 2.41}}, {"type": "Feature", "geometry": {"type": "Polygon", "coordinates": [[[6.45, 20.0], [6.45, 22.0], [5.55, 22.0], [5.55, 20.0], [6.45, 20.0]]]}, "properties": {"layer": "bed", "id": "B158", "bed_type": "cot", "size": "2 x 0.9 m", "resized": true, "rotated": true, "door": "D3-north", "walk_m": 29.77}}, {"type": "Feature", "geometry": {"type": "Polygon", "coordinates": [[[8.45, 19.0], [8.45, 21.0], [7.55, 21.0], [7.55, 19.0], [8.45, 19.0]]]}, "properties": {"layer": "bed", "id": "B159", "bed_type": "cot", "size": "2 x 0.9 m", "resized": true, "rotated": true, "door": "D3-north", "walk_m": 28.77}}, {"type": "Feature", "geometry": {"type": "Polygon", "coordinates": [[[10.45, 10.0], [10.45, 12.0], [9.55, 12.0], [9.55, 10.0], [10.45, 10.0]]]}, "properties": {"layer": "bed", "id": "B160", "bed_type": "cot", "size": "2 x 0.9 m", "resized": true, "rotated": true, "door": "D4-west", "walk_m": 9.43}}, {"type": "Feature", "geometry": {"type": "Polygon", "coordinates": [[[15.95, 18.0], [15.95, 20.0], [15.05, 20.0], [15.05, 18.0], [15.95, 18.0]]]}, "properties": {"layer": "bed", "id": "B161", "bed_type": "cot", "size": "2 x 0.9 m", "resized": true, "rotated": true, "door": "D2-east", "walk_m": 28.98}}, {"type": "Feature", "geometry": {"type": "Polygon", "coordinates": [[[27.45, 22.0], [27.45, 24.0], [26.55, 24.0], [26.55, 22.0], [27.45, 22.0]]]}, "properties": {"layer": "bed", "id": "B162", "bed_type": "cot", "size": "2 x 0.9 m", "resized": true, "rotated": true, "door": "D3-north", "walk_m": 7.24}}, {"type": "Feature", "geometry": {"type": "Polygon", "coordinates": [[[29.95, 17.0], [29.95, 19.0], [29.05, 19.0], [29.05, 17.0], [29.95, 17.0]]]}, "properties": {"layer": "bed", "id": "B163", "bed_type": "cot", "size": "2 x 0.9 m", "resized": true, "rotated": true, "door": "D2-east", "walk_m": 13.45}}, {"type": "Feature", "geometry": {"type": "Polygon", "coordinates": [[[30.95, 17.0], [30.95, 19.0], [30.05, 19.0], [30.05, 17.0], [30.95, 17.0]]]}, "properties": {"layer": "bed", "id": "B164", "bed_type": "cot", "size": "2 x 0.9 m", "resized": true, "rotated": true, "door": "D2-east", "walk_m": 13.45}}, {"type": "Feature", "geometry": {"type": "Polygon", "coordinates": [[[33.45, 0.0], [33.45, 2.0], [32.55, 2.0], [32.55, 0.0], [33.45, 0.0]]]}, "properties": {"layer": "bed", "id": "B165", "bed_type": "cot", "size": "2 x 0.9 m", "resized": true, "rotated": true, "door": "D1-south", "walk_m": 25.81}}, {"type": "Feature", "geometry": {"type": "Polygon", "coordinates": [[[34.35, 10.65], [34.35, 11.85], [32.15, 11.85], [32.15, 10.65], [34.35, 10.65]]]}, "properties": {"layer": "bed", "id": "B166", "bed_type": "medical", "size": "2.2 x 1.2 m", "resized": false, "rotated": false, "door": "D2-east", "walk_m": 6.91}}, {"type": "Feature", "geometry": {"type": "Polygon", "coordinates": [[[34.35, 16.15], [34.35, 17.35], [32.15, 17.35], [32.15, 16.15], [34.35, 16.15]]]}, "properties": {"layer": "bed", "id": "B167", "bed_type": "medical", "size": "2.2 x 1.2 m", "resized": false, "rotated": false, "door": "D2-east", "walk_m": 9.48}}, {"type": "Feature", "geometry": {"type": "Polygon", "coordinates": [[[37.85, 13.65], [37.85, 14.85], [35.65, 14.85], [35.65, 13.65], [37.85, 13.65]]]}, "properties": {"layer": "bed", "id": "B168", "bed_type": "medical", "size": "2.2 x 1.2 m", "resized": false, "rotated": false, "door": "D2-east", "walk_m": 3.66}}, {"type": "Feature", "geometry": {"type": "Polygon", "coordinates": [[[39.35, 16.15], [39.35, 17.35], [37.15, 17.35], [37.15, 16.15], [39.35, 16.15]]]}, "properties": {"layer": "bed", "id": "B169", "bed_type": "medical", "size": "2.2 x 1.2 m", "resized": false, "rotated": false, "door": "D2-east", "walk_m": 4.6}}]}